Location,Date,Hum5,Raf6,RfD29,RfD30,Tav16,Tmi2,Tmx19,LandUse,level
YangPyung/WaterPump,2012.5.7,224.2,1.5,9,9,198.2,27.3,325.7,3,1
YangPyung/WaterPump,2012.5.8,210.2,5,9,9,199.2,26.4,337.2,3,1
YangPyung/WaterPump,2012.5.9,183.9,5,9,9,207.3,23.7,345.1,3,1
YangPyung/WaterPump,2012.5.10,180.5,8,10,10,216.1,26.2,350.9,3,1
YangPyung/WaterPump,2012.5.11,183.2,12,11,11,223,29.8,351.7,3,1
YangPyung/WaterPump,2012.5.12,206.7,29,11,11,228.7,29.6,357.3,3,1
YangPyung/WaterPump,2012.5.13,231.3,27.5,11,11,234.2,26.2,364,3,1
YangPyung/WaterPump,2012.5.14,256.8,21,11,11,246.7,25.3,386.8,3,1
YangPyung/WaterPump,2012.5.15,290.2,12.5,11,11,280.5,34.1,421.8,3,1
YangPyung/WaterPump,2012.5.16,310.4,13.5,11,11,284,27.8,426.4,3,1
YangPyung/WaterPump,2012.5.17,313.6,13.5,10,10,288,30.4,430.4,3,1
YangPyung/WaterPump,2012.5.18,312.3,13.5,9,9,291.7,31.7,439.8,3,1
YangPyung/WaterPump,2012.5.19,310.7,3.5,9,9,321.2,33.4,469.1,3,1
YangPyung/WaterPump,2012.5.20,269.9,23.5,9,9,322.9,31.3,471.6,3,1
YangPyung/WaterPump,2012.5.21,243.7,23.5,9,9,324.3,30.5,473.4,3,1
YangPyung/WaterPump,2012.5.22,219.9,23.5,9,9,322.5,29.5,474.7,3,1
YangPyung/WaterPump,2012.5.23,197.9,24,8,8,320.3,30.5,476.2,3,1
YangPyung/WaterPump,2012.5.24,186,24,8,8,322.8,32.4,480.2,3,1
YangPyung/WaterPump,2012.5.25,201,20.5,7,7,328.4,30.4,481.6,3,1
YangPyung/WaterPump,2012.5.26,207.3,0.5,6,6,331.5,30.1,483.9,3,1
YangPyung/WaterPump,2012.5.27,217.3,0.5,5,5,333.5,33.6,490.8,3,1
YangPyung/WaterPump,2012.5.28,248.3,0.5,5,5,331.2,35.4,493.8,3,1
YangPyung/WaterPump,2012.5.29,266.8,0,5,5,329.9,35.2,494.1,3,2
YangPyung/WaterPump,2012.5.30,254.6,0,5,5,333.2,37.4,497.3,3,1
YangPyung/WaterPump,2012.5.31,253.6,0,5,5,336.5,38.8,498.5,3,1
YangPyung/WaterPump,2012.6.1,267.4,0,5,5,334.8,35.6,496.7,3,1
YangPyung/WaterPump,2012.6.2,254.1,0,5,5,333.3,32.9,501.4,3,1
YangPyung/WaterPump,2012.6.3,240.9,0,5,5,335.5,35,508,3,1
YangPyung/WaterPump,2012.6.4,239,0,5,5,342.8,38.9,511.9,3,1
YangPyung/WaterPump,2012.6.5,229.7,0,4,4,349.7,42.3,511.9,3,1
YangPyung/WaterPump,2012.6.6,233.7,0,3,3,354.8,42.4,512.8,3,1
YangPyung/WaterPump,2012.6.7,243.4,0,3,3,362.2,40.9,521,3,1
YangPyung/WaterPump,2012.6.12,306.9,0,3,3,369.3,41.7,530.8,3,1
YangPyung/WaterPump,2012.6.13,303,0,4,4,373.4,40.5,536,3,5
YangPyung/WaterPump,2012.6.14,289.7,21,5,5,375.6,40.1,536.8,3,1
YangPyung/WaterPump,2012.6.15,279.3,61.5,6,6,376.6,41.8,536,3,1
YangPyung/WaterPump,2012.6.16,273.3,76,7,7,374.3,39.7,531.7,3,4
YangPyung/WaterPump,2012.6.17,275.2,123.5,8,8,373,35.7,524.3,3,2
YangPyung/WaterPump,2012.6.18,268.8,163.5,9,9,370.4,34.2,519.3,3,2
YangPyung/WaterPump,2012.6.19,262.2,174.5,10,10,365.7,35.5,512.5,3,2
YangPyung/WaterPump,2012.6.20,257.9,155,10,10,366.2,36.4,520.3,3,2
YangPyung/WaterPump,2012.6.21,254.2,318,10,10,366.5,37.7,518.5,3,1
YangPyung/WaterPump,2012.6.22,248.2,319,10,10,368.5,41,517.5,3,1
YangPyung/WaterPump,2012.6.23,257.1,271.5,10,10,369.3,44.4,517.2,3,5
YangPyung/WaterPump,2012.6.24,266.4,231.5,10,10,367.8,45.2,519,3,2
YangPyung/WaterPump,2012.6.25,269.9,360.5,10,10,365.3,42.7,514.7,3,1
YangPyung/WaterPump,2012.6.26,261.3,359,10,10,363.7,39.8,511.1,3,3
YangPyung/WaterPump,2012.6.27,250.9,155.5,10,10,361.6,38.5,509.6,3,6
YangPyung/WaterPump,2012.6.28,236.6,140,11,11,361.6,40,510.1,3,5
YangPyung/WaterPump,2012.6.29,231.2,188.5,12,12,360.1,41.9,506.7,3,2
YangPyung/WaterPump,2012.6.30,243.3,204.5,13,13,359.5,41.9,499,3,3
YangPyung/WaterPump,2012.7.1,290.6,94,14,14,361.5,41.5,495.7,3,4
YangPyung/WaterPump,2012.7.2,325.8,97,15,15,366.3,42.7,495,3,1
YangPyung/WaterPump,2012.7.3,341.5,144.5,16,16,369.8,42.2,491.7,3,2
YangPyung/WaterPump,2012.7.4,369.2,190.5,17,17,373.8,41.4,494.5,3,1
YangPyung/WaterPump,2012.7.5,388.6,165.5,18,18,379.1,44.1,498.4,3,1
YangPyung/WaterPump,2012.7.6,390.4,187,19,19,379.1,45.6,504.3,3,1
YangPyung/WaterPump,2012.7.7,399.1,184,20,20,381.6,44.2,509,3,1
YangPyung/WaterPump,2012.7.8,398.4,220.5,20,20,380.2,43.2,513.1,3,4
YangPyung/WaterPump,2012.7.9,384.8,173,20,20,380.1,44.3,513.1,3,7
YangPyung/WaterPump,2012.7.10,369.1,127,20,20,384.1,47.2,524.8,3,8
YangPyung/WaterPump,2012.7.11,346.9,103.5,20,20,390.5,50.2,529.5,3,8
YangPyung/WaterPump,2012.7.12,341.6,66,19,19,396.1,50.2,532.4,3,2
YangPyung/WaterPump,2012.7.13,351.8,39.5,19,19,399.4,47.9,537,3,5
YangPyung/WaterPump,2012.7.14,363.4,0.5,18,18,398.1,44,538.6,3,2
YangPyung/WaterPump,2012.7.15,381.4,0.5,18,18,401,44.3,540.8,3,3
YangPyung/WaterPump,2012.7.16,403.5,6,18,18,403.5,46.2,538.7,3,1
YangPyung/WaterPump,2012.7.17,400.3,10,18,18,405.4,46.4,535.4,3,1
YangPyung/WaterPump,2012.7.18,398.5,115,18,18,407,45.5,539.7,3,1
YangPyung/WaterPump,2012.7.19,401.2,381.5,18,18,409.8,44.3,541.4,3,1
YangPyung/WaterPump,2012.7.20,404.4,471,18,18,411.9,45.9,539.4,3,1
YangPyung/WaterPump,2012.7.21,388.5,490.5,18,18,413.7,47.2,540.7,3,1
YangPyung/WaterPump,2012.7.22,375.6,485,19,19,417,49,549,3,1
YangPyung/WaterPump,2012.7.23,379.5,560,18,18,418.4,48.1,550.5,3,1
YangPyung/WaterPump,2012.7.24,374.6,455,19,19,421.3,46.8,552.8,3,1
YangPyung/WaterPump,2012.7.25,361.2,189.5,20,20,422,48.4,557.7,3,1
YangPyung/WaterPump,2012.7.26,355.6,106,21,21,418.7,48.7,559.8,3,1
YangPyung/WaterPump,2012.7.27,351.6,105.5,20,20,415.1,47.5,563.1,3,1
YangPyung/WaterPump,2012.7.28,345.2,105.5,19,19,416,47.3,567.4,3,1
YangPyung/WaterPump,2012.7.29,338.6,26.5,19,19,416.9,50.1,565.9,3,1
YangPyung/WaterPump,2012.7.30,333.5,31.5,19,19,420.8,50.6,565.3,3,1
YangPyung/WaterPump,2012.7.31,337.8,67.5,18,18,419.5,47.9,560.4,3,1
YangPyung/WaterPump,2012.8.1,340.5,61,17,17,420.2,47.9,556,3,1
YangPyung/WaterPump,2012.8.2,329.3,42,16,16,420,47.4,558.5,3,1
YangPyung/WaterPump,2012.8.3,315.6,42,16,16,420.4,47.5,558.9,3,1
YangPyung/WaterPump,2012.8.4,300.7,58.5,16,16,421.2,48.3,557.9,3,1
YangPyung/WaterPump,2012.8.5,278.5,61,16,16,421.4,47.8,556.9,3,1
YangPyung/WaterPump,2012.8.6,263.4,49,17,17,419.8,47,554.3,3,1
YangPyung/WaterPump,2012.8.7,260.7,49.5,18,18,417.1,46.1,554.8,3,1
YangPyung/WaterPump,2012.8.8,255.1,75,19,19,417.2,46.6,554.9,3,1
YangPyung/WaterPump,2012.8.9,254.8,86,19,19,415.1,46.3,549.1,3,1
YangPyung/WaterPump,2012.8.10,268.2,69.5,19,19,414.4,44.6,548.1,3,1
YangPyung/WaterPump,2012.8.11,286.6,62,19,19,413.1,44.3,549.8,3,1
YangPyung/WaterPump,2012.8.12,297.5,38,19,19,410.6,42.7,547.6,3,1
YangPyung/WaterPump,2012.8.13,329.8,37.5,18,18,406.1,39.7,547.7,3,1
YangPyung/WaterPump,2012.8.14,343.2,12,17,17,401.7,40.8,549.1,3,1
YangPyung/WaterPump,2012.8.15,344,1,16,16,398.3,40.8,551.2,3,1
YangPyung/WaterPump,2012.8.16,362.6,1,15,15,398.4,41.3,545.7,3,1
YangPyung/WaterPump,2012.8.17,366.4,1,14,14,398.4,43.4,542.7,3,1
YangPyung/WaterPump,2012.8.18,360.1,0,13,13,399.1,45,540.5,3,1
YangPyung/WaterPump,2012.8.19,375.4,0,13,13,399.9,47.5,544.8,3,1
YangPyung/WaterPump,2012.8.20,386.9,0,12,12,402.3,48.7,548.7,3,1
YangPyung/WaterPump,2012.8.21,386.3,0,13,13,404.1,49.3,549.4,3,1
YangPyung/WaterPump,2012.8.22,402.9,7,12,12,406.5,49.3,551,3,1
YangPyung/WaterPump,2012.8.23,409.4,7,11,11,409.7,48.6,556.2,3,6
YangPyung/WaterPump,2012.8.24,397.4,7,10,10,411.7,47.2,559.6,3,8
YangPyung/WaterPump,2012.8.25,391.6,7,10,10,414.9,47.3,564.3,3,5
YangPyung/WaterPump,2012.8.26,384.3,7,10,10,414.7,44.8,567.9,3,6
YangPyung/WaterPump,2012.8.27,371.2,7,9,9,414.2,41.5,570.9,3,6
YangPyung/WaterPump,2012.8.28,350.6,0,8,8,415.6,40.9,574.8,3,6
YangPyung/WaterPump,2012.8.29,351.8,0,8,8,415.2,39.3,573.2,3,5
YangPyung/WaterPump,2012.8.30,352.1,0,8,8,414.1,37,572,3,5
YangPyung/WaterPump,2012.8.31,357.8,0,9,9,411.7,38.5,570.7,3,6
YangPyung/WaterPump,2012.9.1,351.1,4,8,8,407.5,39.7,561.5,3,4
YangPyung/WaterPump,2012.9.2,360.2,4,7,7,403.5,37.7,557.2,3,5
YangPyung/WaterPump,2012.9.3,355.8,4,6,6,398.3,38.1,549.1,3,6
YangPyung/WaterPump,2012.9.4,356.9,4,5,5,394.5,39.5,547.7,3,6
YangPyung/WaterPump,2012.9.5,355.2,4,4,4,392,41.2,547.9,3,6
YangPyung/WaterPump,2012.9.6,350.7,4,3,3,389.4,43.6,545.9,3,5
YangPyung/WaterPump,2012.9.7,334.6,0,3,3,388.1,44.2,545.2,3,6
YangPyung/WaterPump,2012.9.8,330.1,0,4,4,386,43.9,544,3,6
YangPyung/WaterPump,2012.9.9,330.5,0.5,4,4,384.8,43.9,544.4,3,6
YangPyung/WaterPump,2012.9.10,314.8,1,4,4,379.2,40,538.5,3,5
YangPyung/WaterPump,2012.9.11,315.1,1,4,4,371.4,34.2,524.6,3,5
YangPyung/WaterPump,2012.9.12,315.3,1,4,4,365.6,30,516.8,3,3
YangPyung/WaterPump,2012.9.13,323.6,1,4,4,359.8,27.3,508.8,3,4
YangPyung/WaterPump,2012.9.14,338.9,1,4,4,354.9,26.4,502.1,3,4
YangPyung/WaterPump,2012.9.15,339,0.5,4,4,351.7,27.2,498.1,3,4
YangPyung/WaterPump,2012.9.16,334.4,0,4,4,349.1,29.5,494.8,3,4
YangPyung/WaterPump,2012.9.17,341.4,0,4,4,349,31.3,492.9,3,5
YangPyung/WaterPump,2012.9.18,359.3,0,4,4,349,31.9,492.9,3,5
YangPyung/WaterPump,2012.9.19,341.6,0,3,3,349.8,32.4,496.5,3,2
YangPyung/WaterPump,2012.9.20,337,0,4,4,346.5,34,498.7,3,1
YangPyung/WaterPump,2012.9.21,349.8,29.5,4,4,338.8,32.9,493.1,3,1
YangPyung/WaterPump,2012.9.22,358,29.5,4,4,329.8,26.8,489.8,3,1
YangPyung/WaterPump,2012.9.23,331.8,29.5,4,4,317.2,20.5,480,3,1
YangPyung/WaterPump,2012.9.24,319,29.5,4,4,305.5,18.9,467.9,3,1
YangPyung/WaterPump,2012.9.25,304.9,29.5,4,4,293.7,18.8,459.5,3,2
YangPyung/WaterPump,2012.9.26,287.6,29.5,4,4,287.8,18.6,449.4,3,2
YangPyung/WaterPump,2012.9.27,279.3,0,4,4,287.1,23.3,439.9,3,3
YangPyung/WaterPump,2012.9.28,280.7,0,4,4,286,27.8,430.5,3,3
YangPyung/WaterPump,2012.9.29,296.4,0,3,3,283.4,25.5,425.2,3,3
YangPyung/WaterPump,2012.9.30,305.4,0,3,3,280.9,23,428.3,3,3
YangPyung/WaterPump,2012.10.1,316.9,0,3,3,278.1,24.4,427.9,3,3
YangPyung/WaterPump,2012.10.2,321.2,0,3,3,275.6,26.4,425.4,3,3
YangPyung/WaterPump,2012.10.3,323.5,0,3,3,272.4,26.8,423.3,3,3
YangPyung/WaterPump,2012.10.4,311.6,0,3,3,266.1,25,417.4,3,3
YangPyung/WaterPump,2012.10.5,314.4,0,4,4,261.2,23.2,415.3,3,3
YangPyung/WaterPump,2012.10.6,312,5.5,5,5,255.8,24.5,405.6,3,2
YangPyung/WaterPump,2012.10.7,300.6,43,5,5,251.8,24.5,395.2,3,2
YangPyung/WaterPump,2012.10.8,291.2,50.5,4,4,251.5,22.2,385.9,3,2
YangPyung/WaterPump,2012.10.9,283.8,50.5,4,4,250.3,17.8,377.3,3,1
YangPyung/WaterPump,2012.10.10,282.2,50.5,4,4,246.2,12.4,372.9,3,1
YangPyung/WaterPump,2012.10.11,290.4,50.5,4,4,245.3,12.1,373.9,3,2
YangPyung/WaterPump,2012.10.12,284.9,45,4,4,245.4,18.2,377.4,3,3
YangPyung/WaterPump,2012.10.13,281.8,7.5,4,4,245.9,24.4,380.4,3,3
YangPyung/WaterPump,2012.10.14,282.8,0,4,4,246.1,27.3,381.8,3,3
YangPyung/WaterPump,2013.6.20,366.2,0,5,5,247.3,26.9,383.4,3,3
YangPyung/WaterPump,2013.6.21,366.3,2,5,5,243.7,20.8,377.9,3,1
YangPyung/WaterPump,2013.6.22,354,2,5,5,235.2,14.1,368.9,3,1
YangPyung/WaterPump,2013.6.23,341.1,2,5,5,227.5,10.4,363.3,3,2
YangPyung/WaterPump,2013.6.24,320.6,2,4,4,223.5,12.6,360.6,3,2
YangPyung/WaterPump,2013.6.25,316.1,2,5,5,222.8,19.8,357.7,3,3
YangPyung/WaterPump,2013.6.26,316.2,7,5,5,218.1,22.6,350.4,3,2
YangPyung/WaterPump,2013.6.27,318.5,0,6,6,283.7,27,447.2,3,4
YangPyung/WaterPump,2013.6.28,317.7,0,6,6,290.6,25.8,450.7,3,5
YangPyung/WaterPump,2013.6.29,309.2,0,5,5,301.4,27.5,453.9,3,4
YangPyung/WaterPump,2013.6.30,297.4,0,4,4,308,29.3,456.6,3,4
YangPyung/WaterPump,2013.7.1,299.2,0,4,4,308.9,30,466,3,4
YangPyung/WaterPump,2013.7.2,297.8,0,4,4,310.4,30.2,473.5,3,3
YangPyung/WaterPump,2013.7.3,317.2,0,4,4,315.8,28.8,476.5,3,4
YangPyung/WaterPump,2013.7.4,325.2,0,5,5,319.1,29.2,474.4,3,4
YangPyung/WaterPump,2013.7.5,354.7,8,5,5,317.7,30.3,469.6,3,4
YangPyung/WaterPump,2013.7.6,367.7,8,5,5,314.5,28.2,474,3,4
YangPyung/WaterPump,2013.7.7,382.3,8,6,6,308.5,25.6,473.3,3,4
YangPyung/WaterPump,2013.7.8,378.6,14,6,6,302.2,25.5,471.6,3,4
YangPyung/WaterPump,2013.7.9,398.1,14,6,6,296.7,24.5,469.9,3,5
YangPyung/WaterPump,2013.7.10,401.1,14,5,5,296.2,25.3,465.6,3,4
YangPyung/WaterPump,2013.7.13,433.1,6,4,4,297.7,28.5,465.6,3,4
YangPyung/WaterPump,2013.7.14,434.6,6,4,4,302.7,32.8,464.9,3,4
YangPyung/WaterPump,2013.7.15,438.2,6,4,4,308.1,35.9,468.1,3,4
YangPyung/WaterPump,2013.7.16,435.5,0,3,3,311.1,35.8,470.3,3,4
YangPyung/WaterPump,2013.7.17,419.9,0,2,2,310.1,34.3,469.3,3,4
YangPyung/WaterPump,2013.7.18,420.6,0,2,2,310.2,33,471.5,3,4
YangPyung/WaterPump,2013.7.19,416.1,0,3,3,309.5,30.2,472.8,3,4
YangPyung/WaterPump,2013.7.20,397.2,1,4,4,312.1,30.9,468.3,3,5
YangPyung/WaterPump,2013.7.21,389.5,6.5,4,4,315.1,33.6,466.9,3,4
YangPyung/WaterPump,2013.7.22,397.9,6.5,4,4,317.5,35.2,464.9,3,4
YangPyung/WaterPump,2013.7.23,389.8,6.5,4,4,322,36.3,469.1,3,4
YangPyung/WaterPump,2013.7.24,391.5,6.5,4,4,326,35.1,473.8,3,4
YangPyung/WaterPump,2013.7.25,398.5,6.5,4,4,330.4,33.4,475.7,3,6
YangPyung/WaterPump,2013.7.26,397.9,5.5,4,4,336.9,35.4,485.8,3,4
YangPyung/WaterPump,2013.7.27,390,0,4,4,341.8,37.4,492.6,3,5
YangPyung/WaterPump,2013.7.28,376.8,0,4,4,345.3,36,499,3,4
YangPyung/WaterPump,2013.7.29,375,0,4,4,346.7,38.2,506.1,3,4
YangPyung/WaterPump,2013.7.30,378.3,0,4,4,346.1,40.1,509.8,3,4
YangPyung/WaterPump,2013.7.31,380.4,0,3,3,357,41.1,513.8,3,6
YangPyung/WaterPump,2013.8.1,384.9,0,3,3,360.4,40.7,519.4,3,5
YangPyung/WaterPump,2013.8.2,384.4,0,3,3,363.2,38.6,521.9,3,6
YangPyung/WaterPump,2013.8.3,379.3,0,2,2,366.4,38.9,526.1,3,5
YangPyung/WaterPump,2013.8.4,369.3,0,2,2,369.3,41.2,530.2,3,5
YangPyung/WaterPump,2013.8.5,371.8,0,2,2,371.8,40.9,534,3,5
YangPyung/WaterPump,2013.8.6,375.3,0,2,2,374.3,38.1,538.5,3,7
YangPyung/WaterPump,2013.8.7,388.8,0,2,2,376.7,39,544.5,3,7
YangPyung/WaterPump,2013.8.8,382.2,0,2,2,379.8,42.1,551.7,3,6
YangPyung/WaterPump,2013.8.9,383.4,0,2,2,381.5,43,557.2,3,6
YangPyung/WaterPump,2013.8.10,386.9,0,2,2,384.2,42.9,561.7,3,7
YangPyung/WaterPump,2013.8.13,377.4,0,2,2,385.5,41.6,561.5,3,7
YangPyung/WaterPump,2013.8.14,369.5,0,2,2,389,41.7,563.7,3,7
YangPyung/WaterPump,2013.8.17,345.8,0,1,1,394.7,44.9,568.4,3,6
YangPyung/WaterPump,2013.8.18,345.6,0,0,0,397.4,45.9,573.3,3,6
YangPyung/WaterPump,2013.8.19,352.8,0,0,0,398,43.5,575.7,3,6
YangPyung/WaterPump,2013.8.20,354.6,0,0,0,399.2,40.9,579.2,3,6
YangPyung/WaterPump,2013.8.21,345.1,0,1,1,401.5,41.1,578.1,3,6
YangPyung/WaterPump,2013.8.22,328.2,12,2,2,404.2,43.3,581,3,4
YangPyung/WaterPump,2013.8.23,317.2,106,2,2,401.3,42.3,576.7,3,4
YangPyung/WaterPump,2013.8.24,323.3,106,2,2,399.6,39.4,572.6,3,6
YangPyung/WaterPump,2013.8.25,314.8,106,2,2,400.6,40.7,573.7,3,6
YangPyung/WaterPump,2013.8.26,305.1,106,2,2,400.4,41.7,570.3,3,5
YangPyung/WaterPump,2013.8.27,302.5,106,3,3,399.6,43.1,570.2,3,4
YangPyung/WaterPump,2013.8.28,305.5,132.5,4,4,396.5,44.5,566.1,3,4
YangPyung/WaterPump,2013.8.29,286,170.5,4,4,392.3,41.7,558.6,3,4
YangPyung/WaterPump,2013.8.30,304.7,170.5,4,4,391.5,38.9,559.5,3,5
YangPyung/WaterPump,2013.8.31,322,170.5,4,4,393,40.3,556.5,3,6
YangPyung/WaterPump,2013.9.1,335.5,170.5,5,5,393.2,43.2,555.9,3,6
YangPyung/WaterPump,2013.9.2,328.5,175.5,6,6,391.4,42.3,552,3,5
YangPyung/WaterPump,2013.9.5,260.3,144,6,6,388.5,41.3,550.3,3,5
YangPyung/WaterPump,2013.9.6,247.4,12,7,7,388.6,41.5,548,3,5
YangPyung/WaterPump,2013.9.7,252.4,55.5,8,8,389.9,42.7,545.3,3,5
YangPyung/WaterPump,2013.9.8,264.3,64,9,9,387.7,42.3,538.7,3,5
YangPyung/WaterPump,2013.9.9,284.2,98,10,10,381.5,39.5,528.6,3,5
YangPyung/WaterPump,2013.9.12,359.1,94.5,11,11,381.6,38.1,522.6,3,7
YangPyung/WaterPump,2013.9.13,377.7,88,12,12,385,40.8,522.4,3,7
YangPyung/WaterPump,2013.9.14,401.8,90,13,13,386.8,46.7,519.1,3,7
YangPyung/WaterPump,2013.9.15,415.9,131,14,14,387.2,47.4,522.1,3,8
YangPyung/WaterPump,2013.9.16,399.1,123,14,14,388.5,44.4,526.7,3,8
YangPyung/WaterPump,2013.9.17,357.8,89,15,15,392.8,46.2,528.1,3,8
YangPyung/WaterPump,2013.9.18,325.8,97.5,16,16,399.3,48.1,531.7,3,8
YangPyung/WaterPump,2013.9.19,292.3,98,16,16,402.5,49.2,534.8,3,7
YangPyung/WaterPump,2013.9.20,267.2,96,16,16,404.9,50.8,542,3,7
YangPyung/WaterPump,2013.9.21,279.2,11.5,16,16,406.6,49.9,552.7,3,7
YangPyung/WaterPump,2013.9.22,296.8,11,16,16,408.9,48.6,554.1,3,6
YangPyung/WaterPump,2013.9.23,303.3,11,15,15,413.3,48.5,555.6,3,6
YangPyung/WaterPump,2013.9.24,304.9,1,14,14,416.9,49.1,556.6,3,6
YangPyung/WaterPump,2013.9.25,330.7,0,15,15,419.7,50.5,560.5,3,5
YangPyung/WaterPump,2013.9.26,316.5,11,15,15,425.1,48.4,565.2,3,4
YangPyung/WaterPump,2013.9.27,286.5,11,15,15,434.5,49.2,569.6,3,5
YangPyung/WaterPump,2013.9.28,282.5,11,15,15,443.6,52.9,575.1,3,4
YangPyung/WaterPump,2013.9.29,297.5,11,14,14,449,53.2,584.3,3,2
YangPyung/WaterPump,2013.9.30,301.8,11,13,13,453.8,54.3,598.6,3,2
YangPyung/WaterPump,2013.10.1,316.3,11,13,13,461.5,55.5,609,3,3
YangPyung/WaterPump,2013.10.2,346.2,0,13,13,467.6,55.9,615.7,3,4
YangPyung/WaterPump,2013.10.3,353.9,0,13,13,471.6,56.1,622.5,3,3
YangPyung/WaterPump,2013.10.4,332.4,0,12,12,474.8,54.9,630.8,3,3
YangPyung/WaterPump,2013.10.5,300.9,0,11,11,476.5,52.5,634.1,3,3
YangPyung/WaterPump,2013.10.6,277.1,0,11,11,477.6,52.3,636.4,3,3
YangPyung/WaterPump,2013.10.7,263.8,0,10,10,476.5,51.8,634.5,3,7
YangPyung/WaterPump,2013.10.10,314.7,0,10,10,476.3,49.9,634.4,3,7
YangPyung/WaterPump,2013.10.11,337.7,32,10,10,473.1,46.4,629.7,3,6
YangPyung/WaterPump,2013.10.12,341.7,32.5,10,10,471.6,43.7,629.2,3,6
YangPyung/WaterPump,2013.10.13,329.6,45,10,10,469.2,45,627.3,3,1
YangPyung/WaterPump,2013.10.14,308.2,221,9,9,464.6,45.4,622.2,3,5
YangPyung/WaterPump,2013.10.15,307.9,221,8,8,461.2,44.8,618.9,3,6
YangPyung/WaterPump,2013.10.16,316.3,221,8,8,457.9,47,618.2,3,5
YangPyung/WaterPump,2013.10.17,311.9,190,9,9,454.5,50.5,615.9,3,4
YangPyung/WaterPump,2013.10.18,313.6,193.5,9,9,451.1,51.7,614.2,3,4
YangPyung/WaterPump,2013.10.19,306.4,256,9,9,444.3,49.4,606.3,3,4
YangPyung/WaterPump,2013.10.20,301.9,238.5,10,10,437.5,46.8,599.7,3,4
YangPyung/WaterPump,2013.10.21,282.6,263,10,10,428.3,43.3,589,3,4
YangPyung/WaterPump,2013.10.22,279.8,263,11,11,420.6,41.3,579,3,4
YangPyung/WaterPump,2013.10.23,270.4,270.5,12,12,414.2,42.2,569.7,3,4
YangPyung/WaterPump,2013.10.24,264.7,281,12,12,410.3,42.8,564,3,5
YangPyung/WaterPump,2013.10.25,256.4,206,12,12,410.7,46.1,561.6,3,5
YangPyung/WaterPump,2013.10.26,238.2,47.5,12,12,411,48.8,561,3,5
YangPyung/WaterPump,2013.10.27,238.4,38,13,13,412,46.3,557.1,3,4
YangPyung/WaterPump,2013.10.28,248.6,43,14,14,411.2,43.8,557.4,3,2
YangPyung/WaterPump,2013.10.29,265,77,14,14,406,41,551.5,3,5
YangPyung/WaterPump,2013.10.30,285.5,62.5,15,15,406,37.4,552.4,3,5
YangPyung/WaterPump,2013.10.31,302.5,63,15,15,405.2,40.7,549.6,3,6
YangPyung/WaterPump,2013.11.1,306.9,63,16,16,402.2,43.4,548.5,3,6
YangPyung/WaterPump,2013.11.2,301.4,48.5,17,17,400.1,43.4,550.3,3,6
YangPyung/WaterPump,2013.11.3,315.7,139,18,18,393.8,40.8,545.8,3,5
YangPyung/WaterPump,2013.11.4,324.7,105,18,18,391.4,37.5,540.6,3,6
YangPyung/WaterPump,2013.11.5,336.1,105,19,19,388.1,35.7,538,3,6
YangPyung/WaterPump,2013.11.6,345.5,111.5,20,20,388.1,34.5,533.9,3,7
YangPyung/WaterPump,2013.11.7,372.2,139.5,20,20,385.6,35.5,530.4,3,7
YangPyung/WaterPump,2013.11.8,345.3,139,19,19,383.7,35.4,526.9,3,6
YangPyung/WaterPump,2013.11.9,308.4,43.5,18,18,381.5,36.3,530.4,3,7
YangPyung/WaterPump,2013.11.10,300.2,35,17,17,376.9,36.7,532.8,3,6
YangPyung/WaterPump,2013.11.11,281.2,35,17,17,371.1,38.4,531.6,3,5
YangPyung/WaterPump,2013.11.12,236.6,38.5,18,18,365.2,38.6,524.4,3,5
YangPyung/WaterPump,2013.11.13,219.8,13,18,18,358.8,34.9,514.4,3,7
YangPyung/WaterPump,2013.11.14,219.9,13,18,18,358.4,33.7,506.7,3,6
YangPyung/WaterPump,2013.11.15,212.9,15.5,18,18,354.5,34.9,499,3,6
YangPyung/WaterPump,2013.11.16,245.9,116,17,17,346.7,34,488.4,3,7
YangPyung/WaterPump,2013.11.17,285,116,16,16,342.9,34,489.1,3,6
YangPyung/WaterPump,2013.11.18,307,105.5,15,15,338.2,35.2,485.4,3,5
YangPyung/WaterPump,2013.11.19,317.1,103,15,15,336.8,33.4,480.5,3,6
YangPyung/WaterPump,2013.11.20,315.9,103,14,14,334.6,33.6,475.8,3,6
YangPyung/WaterPump,2013.11.21,276.4,100.5,13,13,333.8,33.8,473.1,3,6
YangPyung/WaterPump,2013.11.22,253.2,0,13,13,332.7,32.9,474.9,3,6
YangPyung/WaterPump,2013.11.23,253,0,13,13,333.6,33.5,475.6,3,7
YangPyung/WaterPump,2013.11.24,264,0,12,12,334.3,34,476.3,3,6
YangPyung/WaterPump,2013.11.25,284.4,0,11,11,332.4,34.3,474.5,3,6
YangPyung/WaterPump,2013.11.26,310.2,0,11,11,329.7,35,474.3,3,8
YangPyung/WaterPump,2013.11.27,322.3,15,12,12,326,34,472.1,3,8
YangPyung/WaterPump,2013.11.28,331.2,15.5,11,11,322.6,30.5,463.5,3,5
YangPyung/WaterPump,2013.11.29,315.5,15.5,11,11,319.4,26.6,455.9,3,5
YangPyung/WaterPump,2013.11.30,294.1,15.5,10,10,316.5,25.5,453.8,3,5
YangPyung/WaterPump,2013.12.1,286.4,15.5,9,9,315.8,28.3,456.3,3,6
YangPyung/WaterPump,2013.12.2,292.4,15.5,8,8,318.6,30.2,459.7,3,6
YangPyung/WaterPump,2013.12.3,289.9,0.5,8,8,316.9,30.4,458.4,3,5
YangPyung/WaterPump,2013.12.4,303.6,0,7,7,315.6,30.5,459.2,3,6
YangPyung/WaterPump,2013.12.5,323.5,0,6,6,315.1,31.8,464.7,3,5
YangPyung/WaterPump,2013.12.6,340,0,6,6,313.7,31.3,463.8,3,6
YangPyung/WaterPump,2013.12.7,315.7,0,6,6,311.4,30,462.7,3,6
YangPyung/WaterPump,2013.12.8,312.2,0,7,7,307.5,29.3,460.3,3,5
YangPyung/WaterPump,2013.12.12,339.4,0.5,7,7,302.6,27.7,457.1,3,6
YangPyung/WaterPump,2013.12.13,348.5,0.5,6,6,295,24,449.5,3,5
YangPyung/WaterPump,2013.12.14,320.7,0.5,5,5,289.4,20.4,444,3,6
YangPyung/WaterPump,2014.5.2,370.3,0.5,5,5,286,22,439.4,3,6
YangPyung/WaterPump,2014.5.3,354.6,22.5,6,6,385.7,41.5,540.6,3,1
YangPyung/WaterPump,2014.5.4,317.6,22.5,6,6,388.3,40.8,544.1,3,1
YangPyung/WaterPump,2014.5.5,305.9,22.5,6,6,389.3,42.1,544.5,3,5
YangPyung/WaterPump,2014.5.6,300.3,22.5,6,6,388.8,44.5,547.6,3,5
YangPyung/WaterPump,2014.5.7,285.7,22.5,6,6,385.5,42,544.9,3,6
YangPyung/WaterPump,2014.5.8,263.1,0,5,5,383,39.3,544.6,3,6
YangPyung/WaterPump,2014.5.9,292.4,0,4,4,380.9,40,544.9,3,6
YangPyung/WaterPump,2014.5.10,295.4,0,3,3,378.2,41.3,543.7,3,6
YangPyung/WaterPump,2014.5.11,282.3,0,4,4,379.7,41.3,544.4,3,7
YangPyung/WaterPump,2014.5.12,290.8,1,4,4,384.2,41.5,541.9,3,7
YangPyung/WaterPump,2014.5.13,321.6,1,4,4,388.1,43,542.3,3,1
YangPyung/WaterPump,2014.5.14,307.6,1,4,4,391.3,45.5,548.6,3,4
YangPyung/WaterPump,2014.5.15,305.9,1,5,5,393.4,46.4,556.9,3,4
YangPyung/WaterPump,2014.5.16,329.4,48.5,5,5,394.9,44.4,557.3,3,3
YangPyung/WaterPump,2014.5.17,325.3,48.5,6,6,397.3,41.5,557.8,3,3
YangPyung/WaterPump,2014.5.18,294.2,65,7,7,400.4,42.7,556.1,3,3
YangPyung/WaterPump,2014.5.19,274.4,66.5,7,7,402,44.6,558.8,3,2
YangPyung/WaterPump,2014.5.20,270.4,66.5,8,8,401,43.1,562.2,3,3
YangPyung/WaterPump,2014.5.21,248.9,70,9,9,399.7,43,568.5,3,3
YangPyung/WaterPump,2014.5.22,263.9,77.5,10,10,399.6,44.1,565.6,3,4
YangPyung/WaterPump,2014.5.23,279.3,86,10,10,402,45.8,561.3,3,3
YangPyung/WaterPump,2014.5.24,297.6,110,12,12,403.4,46.8,552.1,3,3
YangPyung/WaterPump,2014.5.25,311.3,282.5,13,13,402.9,46.1,548.4,3,7
YangPyung/WaterPump,2014.5.26,344.8,239.5,14,14,402,46.1,544.5,3,4
YangPyung/WaterPump,2014.5.27,346.9,238.5,14,14,401.5,47.3,544.8,3,3
YangPyung/WaterPump,2014.5.28,333,236,14,14,400.4,49.5,542.8,3,4
YangPyung/WaterPump,2014.5.29,325.4,242,15,15,397.9,48.6,539.3,3,3
YangPyung/WaterPump,2014.5.30,311.2,225.5,15,15,399.1,47,535.8,3,4
YangPyung/WaterPump,2014.5.31,274.8,49.5,15,15,401.3,47.2,534.5,3,5
YangPyung/WaterPump,2014.6.1,257.7,37.5,16,16,403.8,48.2,533.9,3,5
YangPyung/WaterPump,2014.6.2,266.3,31,17,17,405.2,49.7,535.8,3,5
YangPyung/WaterPump,2014.6.3,279,122,18,18,407.2,49.3,535.8,3,6
YangPyung/WaterPump,2014.6.4,319.7,134,19,19,408.2,49,535.2,3,7
YangPyung/WaterPump,2014.6.5,338.7,134.5,19,19,408.4,47.8,533.2,3,6
YangPyung/WaterPump,2014.6.6,347.2,134.5,19,19,409.8,45.7,533.4,3,6
YangPyung/WaterPump,2014.6.7,348,134.5,18,18,410.9,46.1,535.4,3,4
YangPyung/WaterPump,2014.6.8,339.6,133.5,19,19,411.7,46.1,539.9,3,5
YangPyung/WaterPump,2014.6.9,319.6,51,20,20,413.5,45.9,540.3,3,5
YangPyung/WaterPump,2014.6.10,328.9,15,21,21,415,47.1,543.2,3,5
YangPyung/WaterPump,2014.6.11,342.1,15.5,21,21,416.5,46.7,548.4,3,4
YangPyung/WaterPump,2014.6.12,370.3,19,21,21,416.2,47.3,553.6,3,4
YangPyung/WaterPump,2014.6.13,379.1,19,21,21,417.3,48.2,560.5,3,5
YangPyung/WaterPump,2014.6.14,382.8,22.5,20,20,420.5,48.3,565,3,4
YangPyung/WaterPump,2014.6.15,383.6,14,20,20,424,50.7,567.4,3,6
YangPyung/WaterPump,2014.6.16,381.5,13,20,20,425.6,52.4,570.3,3,8
YangPyung/WaterPump,2014.6.19,351,14,20,20,425.7,50.8,574.8,3,8
YangPyung/WaterPump,2014.6.20,358.7,48,19,19,425.4,46.9,574.7,3,8
YangPyung/WaterPump,2014.6.21,365.3,48,18,18,427.9,47.1,575.8,3,6
YangPyung/WaterPump,2014.6.22,379.8,44.5,17,17,431.7,51.8,578.3,3,6
YangPyung/WaterPump,2014.6.23,382.4,44.5,17,17,436.1,54.3,579.8,3,4
YangPyung/WaterPump,2014.6.24,402.5,17.5,14,14,443.1,50.8,591.9,3,6
YangPyung/WaterPump,2014.6.25,397.8,17.5,14,14,446.6,51.8,594.8,3,5
YangPyung/WaterPump,2014.6.26,395.4,0,12,12,455.2,52.3,603.7,3,5
YangPyung/WaterPump,2014.6.27,382.5,0,12,12,455.7,53.2,606.5,3,3
YangPyung/WaterPump,2014.6.28,382.9,0,12,12,456.8,53.6,607.3,3,8
YangPyung/WaterPump,2014.6.29,363.1,2,11,11,455.9,51.9,610.3,3,4
YangPyung/WaterPump,2014.6.30,358.8,2,10,10,455.3,48.4,610.6,3,6
YangPyung/WaterPump,2014.7.1,352.7,2,9,9,457.2,47.7,614.2,3,5
YangPyung/WaterPump,2014.7.2,352.5,2,10,10,460.3,50.5,614.8,3,5
YangPyung/WaterPump,2014.7.3,355,46.5,10,10,456.8,48.3,611.6,3,5
YangPyung/WaterPump,2014.7.4,368.9,46.5,10,10,454.5,44.3,612.8,3,5
YangPyung/WaterPump,2014.7.5,360.7,44.5,9,9,452.7,45,616.6,3,5
YangPyung/WaterPump,2014.7.6,363.1,44.5,8,8,453.1,46.5,615.8,3,5
YangPyung/WaterPump,2014.7.7,361.1,44.5,7,7,450.4,46.4,612.2,3,7
YangPyung/WaterPump,2014.7.8,345.2,44.5,7,7,447.8,46,611.8,3,5
YangPyung/WaterPump,2014.7.9,332.7,13.5,7,7,444.3,47.1,608.7,3,6
YangPyung/WaterPump,2014.7.10,348.9,13.5,6,6,440.5,46.2,603.9,3,5
YangPyung/WaterPump,2014.7.11,336.4,13.5,6,6,436.1,43.3,598.5,3,6
YangPyung/WaterPump,2014.7.12,334,13.5,6,6,431.4,40.9,593.6,3,7
YangPyung/WaterPump,2014.7.13,346.9,0,4,4,414.9,35.8,577.2,3,8
YangPyung/WaterPump,2014.7.14,347.3,0,4,4,408.6,36.2,569.9,3,5
YangPyung/WaterPump,2014.7.15,339.8,0,4,4,400.5,37.1,561.9,3,6
YangPyung/WaterPump,2014.7.16,351.3,0,3,3,393.6,37.5,556.3,3,8
YangPyung/WaterPump,2014.7.17,356.3,0,3,3,391.5,38,551,3,8
YangPyung/WaterPump,2014.7.18,357.9,54,6,6,375.1,36.4,530.4,3,7
YangPyung/WaterPump,2014.7.19,365,54.5,7,7,371.8,39,525.3,3,2
YangPyung/WaterPump,2014.7.20,374,137.5,8,8,367.9,40.9,518.9,3,5
YangPyung/WaterPump,2014.7.21,380.4,149,8,8,365.5,41.4,513.1,3,5
YangPyung/WaterPump,2014.7.22,385.9,149,8,8,363.9,40.5,511.4,3,6
YangPyung/WaterPump,2014.7.23,393.9,131,7,7,361.1,35.5,507.6,3,5
YangPyung/WaterPump,2014.7.24,403.4,95,7,7,359.9,33.8,509.9,3,6
YangPyung/WaterPump,2014.7.25,416.4,94.5,7,7,361.3,36.6,511.1,3,6
YangPyung/WaterPump,2014.7.26,422.5,11.5,7,7,363.5,39,512.9,3,6
YangPyung/WaterPump,2014.7.27,434.7,0,6,6,364.5,40.2,512.5,3,6
YangPyung/WaterPump,2014.7.28,425.8,0,6,6,367.3,40.6,514.4,3,6
YangPyung/WaterPump,2014.7.29,407.4,0,6,6,369.1,40.9,514.3,3,5
YangPyung/WaterPump,2014.7.30,383,0,7,7,370.2,39.3,515.6,3,4
YangPyung/WaterPump,2014.7.31,371.7,2.5,7,7,368.7,39.4,514.8,3,5
YangPyung/WaterPump,2014.8.1,361.5,2.5,7,7,364.7,35.8,515,3,6
YangPyung/WaterPump,2014.8.2,349.9,2.5,6,6,360.3,28.1,510.3,3,5
YangPyung/WaterPump,2014.8.3,333.3,2.5,7,7,358.9,24.9,506.9,3,6
YangPyung/WaterPump,2014.8.4,352.5,7,8,8,353.6,27,499,3,4
YangPyung/WaterPump,2014.8.5,374.9,24.5,8,8,348,29.2,492.8,3,5
YangPyung/WaterPump,2014.8.6,386.5,22,8,8,345.6,32.4,497.2,3,6
YangPyung/WaterPump,2014.8.7,415.5,22,9,9,343.6,35.4,496.9,3,6
YangPyung/WaterPump,2014.8.8,451.6,22.5,9,9,341.7,32.1,493.2,3,7
YangPyung/WaterPump,2014.8.9,426.3,22.5,9,9,335.5,26.6,488.4,3,6
YangPyung/WaterPump,2014.8.10,381.7,18,9,9,329.1,23.9,485.5,3,5
YangPyung/WaterPump,2014.8.11,373.6,0.5,9,9,325,26.1,485.9,3,6
YangPyung/WaterPump,2014.8.12,359.6,0.5,9,9,322.4,30.1,482,3,7
YangPyung/WaterPump,2014.8.13,346.3,3.5,8,8,314.4,33.6,469,3,8
YangPyung/WaterPump,2014.8.14,359.3,3.5,8,8,313.7,32.5,467.3,3,8
YangPyung/WaterPump,2014.8.15,389.5,5,7,7,312.6,32,461.6,3,6
YangPyung/WaterPump,2014.8.16,383,5,6,6,312.1,27.4,454.5,3,5
YangPyung/WaterPump,2014.8.17,378.5,5,6,6,311.3,25.7,453.9,3,5
YangPyung/WaterPump,2014.8.18,381.8,1.5,7,7,312.5,27.5,454.6,3,5
YangPyung/WaterPump,2014.8.19,396.5,6.5,7,7,307.8,23.5,450.5,3,3
YangPyung/WaterPump,2014.8.20,414.5,6.5,7,7,299.2,16.6,442.6,3,4
YangPyung/WaterPump,2014.8.21,427.6,5,7,7,290.5,15.5,440.6,3,4
YangPyung/WaterPump,2014.8.22,450.2,5,7,7,285.3,17.7,441.3,3,4
YangPyung/WaterPump,2014.8.23,452.5,5,7,7,283.8,20.3,435.5,3,5
YangPyung/WaterPump,2014.8.24,442,5,7,7,282.8,24.1,431.4,3,5
YangPyung/WaterPump,2014.8.25,420.9,0,7,7,278.8,25.9,430.7,3,5
YangPyung/WaterPump,2014.8.26,406.7,0,6,6,274.2,24.9,431.3,3,5
YangPyung/WaterPump,2014.8.27,381.6,0,6,6,268,24.9,427.7,3,4
YangPyung/WaterPump,2014.8.28,365,0,6,6,261.8,21.2,418.4,3,3
YangPyung/WaterPump,2014.8.29,350.8,0,6,6,251,14.5,407.1,3,2
YangPyung/WaterPump,2014.8.30,347.2,0,5,5,240.5,11.9,395.5,3,3
YangPyung/WaterPump,2014.8.31,347,0,4,4,234,12.5,391.7,3,4
YangPyung/WaterPump,2014.9.1,344.2,0,5,5,229.4,14.8,383,3,3
YangPyung/WaterPump,2014.9.2,349.9,3,5,5,225,18.1,373.2,3,4
YangPyung/WaterPump,2014.9.3,358.2,3,4,4,217.2,17.6,367.5,3,3
YangPyung/WaterPump,2014.9.4,386.1,3,4,4,217.1,14.7,364.1,3,3
YangPyung/WaterPump,2014.9.5,393.9,3,5,5,220.1,17.2,361.4,3,4
YangPyung/WaterPump,2014.9.6,401.3,12,5,5,219.2,19.1,352.5,3,3
YangPyung/WaterPump,2014.9.7,395.7,12,5,5,217,17.5,351.1,3,3
YangPyung/WaterPump,2014.9.8,394.2,9,5,5,214.6,18.2,352.2,3,3
YangPyung/WaterPump,2014.9.9,369.4,9,4,4,210.5,18.1,352.3,3,3
YangPyung/WaterPump,2014.9.10,356.5,9,5,5,206.4,17.9,347.6,3,3
YangPyung/WaterPump,2014.9.11,341.1,9.5,5,5,202.8,18.3,343.4,3,3
YangPyung/WaterPump,2014.9.12,335.3,0.5,5,5,196.2,14.1,335.4,3,3
YangPyung/WaterPump,2014.9.13,338.1,6.5,5,5,194.4,15.3,330.4,3,1
YangPyung/WaterPump,2014.9.14,324,6.5,5,5,190.9,13.3,319.2,3,1
YangPyung/WaterPump,2014.9.15,318.1,6.5,5,5,184.1,3.7,305.2,3,1
YangPyung/WaterPump,2014.9.16,322.4,6.5,4,4,176.4,0.6,295.8,3,1
YangPyung/WaterPump,2014.9.17,305.1,6,4,4,169.6,0.9,292.9,3,1
YangPyung/WaterPump,2014.9.18,282.5,6,5,5,163.9,5.2,288.4,3,3
YangPyung/WaterPump,2014.9.19,278.1,5,6,6,161.6,10.7,284,3,1
YangPyung/WaterPump,2014.9.20,272.5,11,7,7,157.5,10.2,279.2,3,1
YangPyung/WaterPump,2014.9.21,260.1,12,7,7,148.5,6.9,270.1,3,2
YangPyung/WaterPump,2014.9.22,277.9,12,7,7,138.4,2.7,259.8,3,1
YangPyung/WaterPump,2014.9.23,283.1,12,7,7,128.4,-0.9,246.1,3,1
YangPyung/WaterPump,2014.9.24,278.7,12,7,7,118.4,-1.3,231.4,3,1
YangPyung/WaterPump,2014.9.25,301.6,7,7,7,109.1,-0.1,223.7,3,1
YangPyung/WaterPump,2014.9.26,316,1,7,7,102.5,0.9,217.6,3,2
YangPyung/WaterPump,2014.9.27,332.5,0,8,8,97.6,4.1,213.3,3,2
YangPyung/WaterPump,2014.9.28,354,11.5,9,9,95.5,8.8,206.2,3,1
YangPyung/WaterPump,2014.9.29,387.4,27.5,10,10,88.7,6.4,201.1,3,1
YangPyung/WaterPump,2014.9.30,408.5,28.5,10,10,85.6,0.3,192,3,1
YangPyung/WaterPump,2014.10.1,414.1,30.5,10,10,82.6,-3.8,183.2,3,1
YangPyung/WaterPump,2014.10.2,404.6,30.5,10,10,75.7,-7.1,166.4,3,1
YangPyung/WaterPump,2014.10.3,414.6,30.5,10,10,70.9,-8.2,161.3,3,1
YangPyung/WaterPump,2014.10.4,403.4,19,9,9,69.7,-4,165.2,3,1
YangPyung/WaterPump,2014.10.5,366.4,3,9,9,65.9,2.2,165.4,3,1
YangPyung/WaterPump,2014.10.6,347,2,9,9,63.2,2.9,162.5,3,1
YangPyung/WaterPump,2014.10.7,335.4,0,9,9,64.8,5.4,162.5,3,1
YangPyung/WaterPump,2014.10.8,311.2,0,9,9,69.1,8.4,159.3,3,1
YangPyung/WaterPump,2014.10.9,298.4,0,8,8,73.3,7,156.9,3,1
YangPyung/WaterPump,2014.10.10,296.8,0,8,8,74.5,3.9,155.5,3,1
YangPyung/WaterPump,2014.10.11,307,0,7,7,77.5,5,161.2,3,1
YangPyung/WaterPump,2014.10.12,307.4,13.5,10,10,61.5,-3.5,151.7,3,1
YangPyung/WaterPump,2014.10.13,291.1,14.5,10,10,57.2,-7.2,141.9,3,1
YangPyung/WaterPump,2014.10.14,281.5,14.5,10,10,51.4,-10.8,127.4,3,1
YangPyung/WaterPump,2014.10.15,272.9,28.5,5,5,257.3,23.5,410.7,3,7
YangPyung/WaterPump,2014.10.16,270,29.5,5,5,259.8,22.5,411.9,3,3
YangPyung/WaterPump,2014.10.17,266.4,21.5,5,5,258.1,20.2,408.8,3,3
YangPyung/WaterPump,2014.10.18,271.7,4.5,5,5,254.7,18,412.6,3,2
YangPyung/WaterPump,2014.10.19,288.7,1,5,5,251.9,16.6,408.1,3,3
YangPyung/WaterPump,2014.10.20,297.9,1,6,6,250.5,15.4,405.3,3,3
YangPyung/WaterPump,2014.10.21,335.3,2.5,7,7,251.8,18,405.2,3,6
YangPyung/WaterPump,2014.10.22,374.3,8,7,7,249.7,21.1,405.5,3,3
YangPyung/WaterPump,2014.10.23,389.5,8,7,7,249.1,21.3,408.2,3,3
YangPyung/WaterPump,2014.10.24,388.4,8,8,8,251,23.9,415,3,3
YangPyung/WaterPump,2014.10.25,405.4,26.5,9,9,250.6,28.9,415.2,3,2
YangPyung/WaterPump,2014.10.26,388.7,37.5,9,9,247.6,28.6,411.6,3,3
YangPyung/WaterPump,2014.10.27,372.8,36,9,9,251.7,25.6,411.9,3,3
YangPyung/WaterPump,2014.10.28,339.1,29.5,9,9,258.1,27.9,412.1,3,3
YangPyung/WaterPump,2014.10.29,314.7,29.5,8,8,260.7,30,410,3,3
YangPyung/WaterPump,2014.10.30,283.1,29.5,8,8,263.4,26.6,417.2,3,3
YangPyung/WaterPump,2014.10.31,247.8,11,8,8,267.7,27.8,427.9,3,4
YangPyung/WaterPump,2014.11.1,233,0,8,8,271.9,30.1,435.6,3,4
YangPyung/WaterPump,2014.11.2,261.1,0,8,8,278.9,28.8,439,3,4
YangPyung/WaterPump,2014.11.3,268.2,0,8,8,287.7,31.1,445.3,3,4
YangPyung/WaterPump,2014.11.4,262.7,0,8,8,295.4,32,445.8,3,7
YangPyung/WaterPump,2015.4.21,296.9,0,8,8,303.1,28.9,454.6,3,5
YangPyung/WaterPump,2015.4.22,273.4,0,8,8,307.9,30.7,460.7,3,4
YangPyung/WaterPump,2015.4.23,275,0,9,9,315.1,33.3,472.3,3,7
YangPyung/WaterPump,2015.4.24,284.2,14.5,9,9,319.2,34.7,479.2,3,5
YangPyung/WaterPump,2015.4.25,247.7,15,8,8,317.5,34.4,480.3,3,7
YangPyung/WaterPump,2015.4.26,203.7,15,7,7,321.6,33.8,490.6,3,6
YangPyung/WaterPump,2015.4.27,195.3,15,7,7,329.5,37.4,497,3,4
YangPyung/WaterPump,2015.4.28,187.6,15,7,7,333.1,37.2,499.6,3,4
YangPyung/WaterPump,2015.4.29,185.1,15,6,6,338.8,35.3,507.8,3,6
YangPyung/WaterPump,2015.4.30,223.8,0.5,6,6,346.5,38.6,520.2,3,4
YangPyung/WaterPump,2015.5.1,249.1,0,7,7,352.3,41,524.4,3,5
YangPyung/WaterPump,2015.5.2,270.3,2.5,8,8,354.7,40,523.9,3,4
YangPyung/WaterPump,2015.5.3,295.4,39,8,8,352.5,37.2,522.2,3,5
YangPyung/WaterPump,2015.5.4,347.2,39,7,7,355.1,35.9,524.6,3,5
YangPyung/WaterPump,2015.5.5,316.1,39,6,6,356.7,39,525.6,3,6
YangPyung/WaterPump,2015.5.6,297.4,39,6,6,362.2,40.4,530.1,3,8
YangPyung/WaterPump,2015.5.7,274.9,39,6,6,365.2,39.7,532.7,3,6
YangPyung/WaterPump,2015.5.8,246.1,36.5,5,5,365.5,39.1,530.4,3,7
YangPyung/WaterPump,2015.5.9,220,0,5,5,367,37.6,533.2,3,8
YangPyung/WaterPump,2015.5.10,229.1,3,6,6,369.7,37.5,534.5,3,6
YangPyung/WaterPump,2015.5.11,230.8,32.5,7,7,370.7,36.6,534.8,3,6
YangPyung/WaterPump,2015.5.12,256.6,34,7,7,368.6,34.2,534.5,3,8
YangPyung/WaterPump,2015.5.20,295.5,34,7,7,365.6,34.9,534.2,3,8
YangPyung/WaterPump,2015.5.21,284.5,34,7,7,364.8,36.2,537.5,3,8
YangPyung/WaterPump,2015.6.7,218.3,34,7,7,361.9,37.2,536.5,3,8
YangPyung/WaterPump,2015.6.8,218.2,0,7,7,361.3,42.2,531.7,3,6
YangPyung/WaterPump,2015.6.9,239.8,0,8,8,365.3,41.5,525.2,3,6
YangPyung/WaterPump,2015.6.10,277.2,1,9,9,366.7,40.8,523.5,3,6
YangPyung/WaterPump,2015.6.11,272.7,8.5,9,9,366.3,40.1,526.7,3,5
YangPyung/WaterPump,2015.6.12,281.9,8.5,9,9,365.4,40.3,533.9,3,6
YangPyung/WaterPump,2015.6.13,298.2,21.5,8,8,363.1,39.9,531.2,3,4
YangPyung/WaterPump,2015.6.16,320.5,21.5,8,8,364.7,38.9,532,3,5
YangPyung/WaterPump,2015.6.17,326.8,21.5,8,8,366,39.8,528.9,3,5
YangPyung/WaterPump,2015.6.18,336.5,20.5,8,8,367.5,40.7,530.2,3,7
YangPyung/WaterPump,2015.6.19,334,13,9,9,371.8,41.1,534,3,6
YangPyung/WaterPump,2015.6.20,321.5,14,9,9,374.6,41.4,534,3,7
YangPyung/WaterPump,2015.6.21,346.9,1,9,9,377.6,41,534.6,3,6
YangPyung/WaterPump,2015.6.22,350.1,1,8,8,380.5,41.1,537.7,3,6
YangPyung/WaterPump,2015.6.23,337.7,1,8,8,384,42.4,542.1,3,6
YangPyung/WaterPump,2015.6.24,342.4,13,9,9,386,43.1,548.2,3,6
YangPyung/WaterPump,2015.6.25,342.9,26.5,9,9,383.5,41.9,545.7,3,5
YangPyung/WaterPump,2015.6.26,317,25.5,9,9,385.9,42.3,550.4,3,6
YangPyung/WaterPump,2015.6.27,323.7,25.5,9,9,389.1,44.6,551.1,3,6
YangPyung/WaterPump,2015.6.28,318.6,25.5,9,9,390.3,45.4,550.1,3,6
YangPyung/WaterPump,2015.6.29,316.3,25.5,9,9,394.7,44.2,554.9,3,5
YangPyung/WaterPump,2015.6.30,319.8,13.5,9,9,397,44.7,558.3,3,5
YangPyung/WaterPump,2015.7.1,324.7,1,8,8,403,47.8,563.7,3,6
YangPyung/WaterPump,2015.7.2,315.2,1,7,7,408.7,49.4,568.7,3,6
YangPyung/WaterPump,2015.7.3,324.4,1,7,7,411.1,47.4,572.9,3,6
YangPyung/WaterPump,2015.7.4,325.2,1,7,7,411.6,44.9,576.4,3,7
YangPyung/WaterPump,2015.7.5,319.2,1,7,7,412.4,45.8,578.3,3,6
YangPyung/WaterPump,2015.7.16,376.4,1,7,7,414.8,45.8,580.7,3,6
YangPyung/WaterPump,2015.7.17,367.4,0,7,7,417.4,46.1,582.6,3,6
YangPyung/WaterPump,2015.7.18,323.1,0,7,7,418.6,46.4,585.7,3,6
YangPyung/WaterPump,2015.7.19,295.8,0,8,8,418.1,45.9,587.6,3,6
YangPyung/WaterPump,2015.7.20,300.8,3.5,7,7,417.9,44.3,589,3,6
YangPyung/WaterPump,2015.7.21,313.4,3.5,6,6,422.3,45.3,589,3,6
YangPyung/WaterPump,2015.7.22,343.7,3.5,6,6,423,48.7,589.3,3,7
YangPyung/WaterPump,2015.7.23,370.8,3.5,6,6,424.1,48.4,590,3,6
YangPyung/WaterPump,2015.7.24,388.3,10,7,7,424.4,47.8,594.8,3,6
YangPyung/WaterPump,2015.7.25,407.8,57.5,8,8,420.1,44.6,587.1,3,4
YangPyung/WaterPump,2015.7.26,431.5,96,9,9,415.5,39.4,582.8,3,4
YangPyung/WaterPump,2015.7.27,435.4,144.5,10,10,415.4,41,588.6,3,6
YangPyung/WaterPump,2015.7.28,444.5,147.5,9,9,409.5,43.5,581.8,3,5
YangPyung/WaterPump,2015.7.31,405.2,147.5,9,9,408.1,42.1,582.7,3,5
YangPyung/WaterPump,2015.8.1,394,141,9,9,409.2,42.5,580.2,3,5
YangPyung/WaterPump,2015.8.2,380.8,93.5,9,9,409.7,44.6,576.8,3,6
YangPyung/WaterPump,2015.8.3,390.7,51.5,8,8,412.3,47.7,577,3,5
YangPyung/WaterPump,2015.8.4,379.3,3,7,7,414.7,50.6,581,3,5
YangPyung/WaterPump,2015.8.5,376.2,0,7,7,418.5,50.5,587.1,3,5
YangPyung/WaterPump,2015.8.6,368.9,0,8,8,423.4,52.4,591.5,3,5
YangPyung/WaterPump,2015.8.7,360.6,10.5,9,9,423.8,51.5,590.5,3,3
YangPyung/WaterPump,2015.8.8,347.6,16,9,9,423.1,47.9,587.7,3,4
YangPyung/WaterPump,2015.8.9,355.2,16,10,10,422.2,48.7,587.1,3,4
YangPyung/WaterPump,2015.8.10,356.3,28,10,10,419.7,46.8,582.8,3,3
YangPyung/WaterPump,2015.8.11,361.4,28.5,10,10,418.3,44.2,579.5,3,3
YangPyung/WaterPump,2015.8.12,370.5,28.5,10,10,421.3,43.7,578.5,3,5
YangPyung/WaterPump,2015.8.13,366.7,18,11,11,426.2,44.3,578,3,6
YangPyung/WaterPump,2015.8.14,356.2,40.5,11,11,422.1,42.1,575.7,3,4
YangPyung/WaterPump,2015.8.15,348.2,40.5,11,11,422.7,38.3,578.7,3,5
YangPyung/WaterPump,2015.8.16,346.5,28.5,11,11,423,40.9,584,3,5
YangPyung/WaterPump,2015.8.17,347.8,28,12,12,420.4,43.8,576.1,3,5
YangPyung/WaterPump,2015.8.18,341.8,29,12,12,416.6,43,573.2,3,5
YangPyung/WaterPump,2015.8.19,333.1,29,11,11,413,42.9,571.4,3,5
YangPyung/WaterPump,2015.8.20,337,1,12,12,409.8,43,570.8,3,7
YangPyung/WaterPump,2015.8.23,353.8,5.5,13,13,403.2,44.4,565.5,3,5
YangPyung/WaterPump,2015.8.24,359.4,10,14,14,394.8,43.4,556.4,3,4
YangPyung/WaterPump,2015.8.25,349.7,13.5,13,13,391.3,40.6,548.4,3,4
YangPyung/WaterPump,2015.8.26,350.6,12.5,13,13,390.5,42.3,541.8,3,5
YangPyung/WaterPump,2015.8.27,340.7,75.5,13,13,386.8,43.6,532.4,3,3
YangPyung/WaterPump,2015.8.28,332,88.5,12,12,387,42.9,530.2,3,4
YangPyung/WaterPump,2015.8.29,335.9,84,11,11,387.9,44.3,529.6,3,5
YangPyung/WaterPump,2015.8.30,341.1,79.5,11,11,387.6,44.4,531.2,3,6
YangPyung/WaterPump,2015.8.31,330.6,76,12,12,386.9,45.6,532.8,3,6
YangPyung/WaterPump,2015.9.1,325.1,79.5,12,12,388.9,45.5,535.7,3,5
YangPyung/WaterPump,2015.9.2,323.4,16.5,12,12,389.8,42.3,533.4,3,6
YangPyung/WaterPump,2015.9.3,326.8,3.5,13,13,389.7,41.4,532.4,3,6
YangPyung/WaterPump,2015.9.4,336.1,10,13,13,390.7,38,535.3,3,5
YangPyung/WaterPump,2015.9.5,338.7,10,13,13,393.3,37.9,537,3,5
YangPyung/WaterPump,2015.9.6,355.6,10,13,13,392.5,41.4,535.5,3,5
YangPyung/WaterPump,2015.9.7,356.6,12,13,13,390.3,42.3,538.4,3,4
YangPyung/WaterPump,2015.9.8,336.7,16.5,14,14,389.6,38.7,542.1,3,4
YangPyung/WaterPump,2015.9.9,305.2,77.5,13,13,386.9,34.6,533.8,3,4
YangPyung/WaterPump,2015.9.10,279.6,71,12,12,387.1,35.5,530.2,3,5
YangPyung/WaterPump,2015.9.11,262.1,71,12,12,386.2,37.8,535.1,3,5
YangPyung/WaterPump,2015.9.12,278.1,71,12,12,388.8,40.5,541.9,3,5
YangPyung/WaterPump,2015.9.13,285.6,65.5,11,11,389.6,41.4,547.6,3,6
YangPyung/WaterPump,2015.9.14,296.1,61,11,11,389.1,42.1,548.4,3,5
YangPyung/WaterPump,2015.9.15,314.3,0,11,11,386.9,41.7,550.6,3,5
YangPyung/WaterPump,2015.9.16,300.5,0,11,11,384.1,37.9,550.2,3,5
YangPyung/WaterPump,2015.9.17,269.6,0,10,10,382.6,36.7,550.1,3,5
YangPyung/WaterPump,2015.9.18,255.6,0,10,10,380.6,38.5,546,3,4
YangPyung/WaterPump,2015.9.19,253.6,0,10,10,379.1,39,546.6,3,5
YangPyung/WaterPump,2015.9.20,250.8,0,9,9,377.7,38.5,545.3,3,4
YangPyung/WaterPump,2015.9.21,271.3,0,8,8,376.8,40,544.6,3,4
YangPyung/WaterPump,2015.9.22,287.9,0,7,7,374.5,38.5,540.3,3,4
YangPyung/WaterPump,2015.9.23,289.9,0,7,7,371.8,36.6,533.2,3,5
YangPyung/WaterPump,2015.9.24,295.7,0,6,6,369.4,36.1,529.3,3,5
YangPyung/WaterPump,2015.9.25,293.8,0,5,5,371.5,33.1,528.1,3,5
YangPyung/WaterPump,2015.9.26,281.3,0,5,5,370.8,32.5,525.9,3,6
YangPyung/WaterPump,2015.9.27,273.7,0,5,5,367.5,34.9,523.4,3,6
YangPyung/WaterPump,2015.9.28,264.7,0,5,5,364.2,35.1,530.8,3,6
YangPyung/WaterPump,2015.10.1,215.4,0,5,5,362.5,35.6,532.3,3,6
YangPyung/WaterPump,2015.10.2,238.4,5.5,5,5,358.1,36.5,526.9,3,7
YangPyung/WaterPump,2015.10.3,252.5,5.5,5,5,356.8,36,523.9,3,7
YangPyung/WaterPump,2015.10.4,262.3,5.5,4,4,355.4,37.5,518.5,3,6
YangPyung/WaterPump,2015.10.5,264.6,5.5,5,5,352.8,36.6,514.7,3,6
YangPyung/WaterPump,2015.10.6,268.7,6,6,6,352.3,36.5,512,3,8
YangPyung/WaterPump,2015.10.7,248.7,15.5,5,5,347.8,37.1,505.2,3,8
YangPyung/WaterPump,2015.10.8,262.7,10,4,4,343.7,34,500.2,3,8
YangPyung/WaterPump,2015.10.9,274.4,10,4,4,339.2,31.5,497.3,3,8
YangPyung/WaterPump,2015.10.10,279.3,15.5,4,4,335.7,32.7,490.1,3,8
YangPyung/WaterPump,2015.10.11,300.8,15.5,4,4,331.4,31.2,481.9,3,8
YangPyung/WaterPump,2015.10.12,315.9,15,4,4,328.8,27.2,477.2,3,8
YangPyung/WaterPump,2015.10.13,304.9,5.5,4,4,324.8,26.8,473.6,3,8
YangPyung/WaterPump,2015.10.14,310.2,5.5,4,4,319.9,25.9,472.2,3,8
YangPyung/WaterPump,2015.10.15,331,5.5,4,4,316.2,25.1,469.3,3,8
YangPyung/WaterPump,2015.10.16,322.2,0,4,4,311.2,24.6,465.5,3,8
YangPyung/WaterPump,2015.10.17,320.6,0,4,4,306.5,25.4,462.6,3,8
YangPyung/WaterPump,2015.10.18,328.9,0,4,4,305.7,28,463.8,3,8
YangPyung/WaterPump,2015.10.19,327.6,0,4,4,303.4,29.6,461.3,3,8
YangPyung/WaterPump,2015.10.20,330.4,0,4,4,303.1,30,461.1,3,8
YangPyung/WaterPump,2015.10.21,337.8,0,4,4,299.7,27.4,458.3,3,8
YangPyung/WaterPump,2015.10.22,339.3,0,4,4,292.5,22.9,449.7,3,8
YangPyung/WaterPump,2015.10.23,339.3,0,5,5,287.6,21.2,443.8,3,7
YangPyung/WaterPump,2015.10.24,343.3,3,5,5,282.3,21.5,436.5,3,4
YangPyung/WaterPump,2015.10.25,340.3,3,5,5,277.4,18.9,431.7,3,3
YangPyung/WaterPump,2015.10.26,321.8,3,5,5,274.5,19,432.2,3,3
YangPyung/WaterPump,2015.10.27,316.1,3,6,6,275.4,22.8,431.2,3,4
YangPyung/WaterPump,2015.10.28,320.6,24.5,7,7,272,25.2,424.4,3,2
YangPyung/WaterPump,2015.10.29,300.5,48.5,7,7,268.4,25.3,418.3,3,1
YangPyung/WaterPump,2011.5.6,254,45.5,6,6,265.4,23.3,416.6,3,1
YangPyung/WaterPump,2011.5.7,242.4,45.5,6,6,262.1,20.2,413.4,3,2
YangPyung/WaterPump,2011.5.8,265.4,45.5,6,6,260.2,19.9,411.5,3,3
YangPyung/WaterPump,2011.5.9,277.4,45.5,6,6,258,23.6,411.5,3,2
YangPyung/WaterPump,2011.5.10,314.7,24,5,5,254.4,24.8,409.3,3,2
YangPyung/WaterPump,2011.5.11,368.1,0,4,4,245.8,18.9,401.9,3,1
YangPyung/WaterPump,2011.5.12,379.4,0,4,4,235.4,11.9,394.9,3,1
YangPyung/WaterPump,2011.5.13,362.8,0,4,4,230.6,12.3,388.5,3,1
YangPyung/WaterPump,2011.5.16,284.9,0,3,3,230.7,16.3,382.9,3,6
YangPyung/WaterPump,2011.5.21,274.9,0,3,3,231.4,21.8,371.7,3,4
YangPyung/WaterPump,2011.5.24,338.4,0,4,4,234.3,27.7,371.7,3,3
YangPyung/WaterPump,2011.5.25,317.5,3.5,4,4,232.6,23.4,367.8,3,1
YangPyung/WaterPump,2011.5.26,269.1,3.5,4,4,227.3,14.1,362.2,3,1
YangPyung/WaterPump,2011.6.1,250,22.5,11,11,190.9,22.7,324,3,1
YangPyung/WaterPump,2011.6.2,273.4,21.5,11,11,194.5,18.9,322.5,3,1
YangPyung/WaterPump,2011.6.3,299,18,11,11,198.1,19,327.1,3,1
YangPyung/WaterPump,2011.6.4,325.6,18,11,11,203.8,19.5,329.9,3,1
YangPyung/WaterPump,2011.6.5,360.8,18,11,11,210.4,19.6,339.8,3,1
YangPyung/WaterPump,2011.6.6,356.9,4.5,11,11,216.4,20.5,347.5,3,1
YangPyung/WaterPump,2011.6.7,330.5,0,11,11,222.2,20.7,360.3,3,1
YangPyung/WaterPump,2011.6.8,302.7,0,11,11,226.8,24.4,371.1,3,1
YangPyung/WaterPump,2011.6.9,291.5,0,11,11,231.8,27,382.2,3,1
YangPyung/WaterPump,2011.6.10,291.2,4.5,10,10,236.6,29.4,381.2,3,1
YangPyung/WaterPump,2011.6.11,300,4.5,9,9,250.7,32,388.8,3,3
YangPyung/WaterPump,2011.6.12,295.3,4.5,9,9,260.1,32.3,394.8,3,7
YangPyung/WaterPump,2011.6.13,299,5,10,10,269.8,31.8,402.1,3,2
YangPyung/WaterPump,2011.6.14,313.1,9.5,9,9,276.2,32.7,412.6,3,2
YangPyung/WaterPump,2011.6.15,294.2,9.5,9,9,276.5,29.8,415.9,3,2
YangPyung/WaterPump,2011.6.16,273.6,5,9,9,276.5,22.3,419.7,3,1
YangPyung/WaterPump,2011.6.17,271.1,5,9,9,279.9,20.3,425,3,2
YangPyung/WaterPump,2011.6.18,264.6,5,9,9,282.6,22.5,426.2,3,2
YangPyung/WaterPump,2011.6.19,247.2,4.5,9,9,285.1,24,430,3,2
YangPyung/WaterPump,2011.6.20,240,0,9,9,287.7,25.6,436.8,3,3
YangPyung/WaterPump,2011.6.21,241.7,0,10,10,290.5,26.6,441.5,3,2
YangPyung/WaterPump,2011.6.22,258.3,10,10,10,293,28.3,445.6,3,1
YangPyung/WaterPump,2011.6.23,298.9,0.5,6,6,278.6,28.9,437.5,3,2
YangPyung/WaterPump,2011.6.24,338.7,0.5,6,6,278.5,24.4,432.4,3,5
YangPyung/WaterPump,2011.6.25,377.2,1.5,5,5,353.4,32,519.4,3,5
YangPyung/WaterPump,2011.6.26,409.6,1.5,5,5,356.3,34.7,532.8,3,4
YangPyung/WaterPump,2011.6.27,431.8,1.5,4,4,357.9,37.4,538.8,3,4
YangPyung/WaterPump,2011.6.28,434.1,1.5,3,3,359,37.4,540,3,4
YangPyung/WaterPump,2011.6.29,409.1,1.5,4,4,364.3,36.5,547.1,3,5
YangPyung/WaterPump,2011.6.30,412.5,1.5,5,5,367.7,39,551.7,3,3
YangPyung/WaterPump,2011.7.1,415,2,6,6,367.8,39.8,553.8,3,6
YangPyung/WaterPump,2011.7.2,411.8,15,7,7,372.1,38.4,555.8,3,3
YangPyung/WaterPump,2011.7.3,408.2,15,7,7,374.8,39.8,554.2,3,3
YangPyung/WaterPump,2011.7.4,433,30.5,8,8,375.5,38.9,554.5,3,3
YangPyung/WaterPump,2011.7.5,417.5,32.5,8,8,377.2,39,562.3,3,6
YangPyung/WaterPump,2011.7.6,394.7,32,9,9,378.4,40.1,562.2,3,5
YangPyung/WaterPump,2011.7.7,376.7,39,9,9,373.4,38.2,555.9,3,3
YangPyung/WaterPump,2011.7.8,379.3,39,9,9,376.5,33.9,555.7,3,4
YangPyung/WaterPump,2011.7.9,371.3,39,9,9,378.2,35.8,555.8,3,5
YangPyung/WaterPump,2011.7.10,378,22,9,9,379.3,38.7,554.7,3,3
YangPyung/WaterPump,2011.7.11,393.8,19.5,10,10,381.9,40.2,563.6,3,3
YangPyung/WaterPump,2011.7.12,423.2,21,11,11,384.4,40.7,564.9,3,3
YangPyung/WaterPump,2011.7.13,426.2,18.5,11,11,380.1,37.7,559.4,3,4
YangPyung/WaterPump,2011.7.14,427.7,18.5,10,10,380.6,37.8,561.9,3,4
YangPyung/WaterPump,2011.7.15,433.7,18.5,10,10,381.8,40.5,563.7,3,4
YangPyung/WaterPump,2011.7.16,442.7,18.5,11,11,382,41.1,559.8,3,3
YangPyung/WaterPump,2011.7.17,443.5,23,11,11,383.1,40.8,557.9,3,1
YangPyung/WaterPump,2011.7.18,438.1,21.5,11,11,381.9,40.9,555.3,3,1
YangPyung/WaterPump,2011.7.19,415.3,4.5,11,11,381,40.7,553.4,3,1
YangPyung/WaterPump,2011.7.20,381.3,4.5,10,10,380.8,39.1,553.8,3,1
YangPyung/WaterPump,2011.7.21,342.2,4.5,10,10,379.7,36.9,553.1,3,1
YangPyung/WaterPump,2011.7.22,299.1,38.5,8,8,400.9,44.2,572.3,3,1
YangPyung/WaterPump,2011.7.23,287.6,38.5,7,7,401.5,43,571.4,3,1
YangPyung/WaterPump,2011.7.24,301.1,38.5,7,7,402.3,40.5,572.3,3,1
YangPyung/WaterPump,2011.7.25,327.2,11,7,7,403,42.4,570.1,3,1
YangPyung/WaterPump,2011.7.26,362.2,3.5,7,7,405.3,43.5,569.1,3,1
YangPyung/WaterPump,2011.7.27,395.2,3.5,8,8,408.5,44.9,572.9,3,1
YangPyung/WaterPump,2011.7.28,416.3,10,8,8,410.8,48.1,573.2,3,1
YangPyung/WaterPump,2011.7.29,429,10,9,9,413,48.4,576.8,3,1
YangPyung/WaterPump,2011.7.30,429,20,9,9,414.3,49,578,3,5
YangPyung/WaterPump,2011.7.31,419,49,9,9,415.2,46.2,573.6,3,4
YangPyung/WaterPump,2011.8.1,425.8,109,10,10,414,45.6,568.2,3,5
YangPyung/WaterPump,2011.8.2,414.8,148,11,11,411.7,47.3,569.4,3,6
YangPyung/WaterPump,2011.8.3,403.3,142,11,11,407.5,47.4,572.6,3,7
YangPyung/WaterPump,2011.8.4,404.7,114.5,11,11,417.9,49.8,566.1,3,5
YangPyung/WaterPump,2011.8.5,415.7,51,11,11,417.8,51.7,571.6,3,5
YangPyung/WaterPump,2011.8.6,395.7,12,12,12,421.5,51.8,578.3,3,5
YangPyung/WaterPump,2011.8.7,382.1,19.5,12,12,423.9,49.6,577.8,3,7
YangPyung/WaterPump,2011.8.8,368.5,19.5,12,12,427.7,49.2,575.9,3,6
YangPyung/WaterPump,2011.8.9,370.3,8,12,12,430.4,50.5,578.2,3,5
YangPyung/WaterPump,2011.8.10,360.3,8,11,11,432.1,51.3,580.5,3,6
YangPyung/WaterPump,2011.8.11,373.5,8,12,12,435,50.6,587,3,6
YangPyung/WaterPump,2011.8.12,384.9,19.5,13,13,436.6,47.9,592.4,3,5
YangPyung/WaterPump,2011.8.13,407.5,14.5,13,13,437.5,47.6,595.5,3,5
YangPyung/WaterPump,2011.8.14,406.6,14.5,12,12,440.5,48.4,597.4,3,6
YangPyung/WaterPump,2011.8.15,417.1,14.5,11,11,442.3,47.9,597.6,3,7
YangPyung/WaterPump,2011.8.16,423.4,14.5,11,11,443,48,597.5,3,4
YangPyung/WaterPump,2011.8.17,432.3,14.5,12,12,444.8,47.6,605.6,3,5
YangPyung/WaterPump,2011.8.18,436.9,11,12,12,444,46.1,610.3,3,4
YangPyung/WaterPump,2011.8.19,426.3,8,12,12,444.6,46.7,610.7,3,6
YangPyung/WaterPump,2011.8.20,415.1,8,13,13,443.3,47.7,612.5,3,5
YangPyung/WaterPump,2011.8.21,404.7,46.5,12,12,441.6,44.1,612.4,3,3
YangPyung/WaterPump,2011.8.22,385.3,46.5,12,12,440.2,40.8,615.5,3,5
YangPyung/WaterPump,2011.8.23,365.6,46.5,11,11,441.9,45,614.9,3,4
YangPyung/WaterPump,2011.8.24,352.4,38.5,12,12,441.2,49,613.9,3,5
YangPyung/WaterPump,2011.8.25,334.7,9,11,11,431.8,45.4,607.7,3,4
YangPyung/WaterPump,2011.8.26,315.1,9,10,10,429.6,44.6,608.2,3,5
YangPyung/WaterPump,2011.8.27,304.2,9,10,10,428.7,45.6,605.7,3,4
YangPyung/WaterPump,2011.8.28,292.3,13,10,10,423.8,44,596.1,3,3
YangPyung/WaterPump,2011.8.29,299,11.5,9,9,419.6,39.4,587.5,3,7
YangPyung/WaterPump,2011.8.30,316.7,4.5,9,9,417.5,41,582.6,3,4
YangPyung/WaterPump,2011.8.31,329.4,4,9,9,413.5,42,581,3,3
YangPyung/WaterPump,2011.9.1,334.5,4,9,9,411.9,39.9,579.5,3,4
YangPyung/WaterPump,2011.9.2,338.3,4,8,8,410.2,40.8,578.8,3,3
YangPyung/WaterPump,2011.9.3,329.6,0,8,8,409,43.1,577.3,3,6
YangPyung/WaterPump,2011.9.4,302,0,9,9,409.1,45.5,576.3,3,6
YangPyung/WaterPump,2011.9.5,279.6,10,10,10,406.9,44.1,573.3,3,5
YangPyung/WaterPump,2011.9.6,272.9,10.5,10,10,402.8,41.1,570.6,3,6
YangPyung/WaterPump,2011.9.7,262.1,10.5,10,10,400.4,41.6,569.2,3,6
YangPyung/WaterPump,2011.9.8,253.9,19,9,9,397.2,40,561.6,3,6
YangPyung/WaterPump,2011.9.9,259.7,19,9,9,394.8,39.3,555.4,3,7
YangPyung/WaterPump,2011.9.10,287.6,19,9,9,392.4,38.1,552.6,3,6
YangPyung/WaterPump,2011.9.11,300.3,9,9,9,388.8,35.6,552,3,6
YangPyung/WaterPump,2011.9.12,324.9,8.5,9,9,385.3,34.7,552.7,3,6
YangPyung/WaterPump,2011.9.13,344.6,8.5,9,9,385.7,34.7,550.5,3,5
YangPyung/WaterPump,2011.9.14,341.1,3.5,9,9,384.4,34.3,544.2,3,5
YangPyung/WaterPump,2011.9.15,336.5,3.5,9,9,379.6,32.9,537.9,3,6
YangPyung/WaterPump,2011.9.16,336.7,3.5,8,8,376.6,32.3,537.9,3,7
YangPyung/WaterPump,2011.9.17,327.7,3.5,8,8,374.2,33.1,540.1,3,6
YangPyung/WaterPump,2011.9.18,323.7,3.5,8,8,371.7,35.8,538.5,3,6
YangPyung/WaterPump,2011.9.19,336.4,3.5,8,8,367.2,35.5,535.7,3,7
YangPyung/WaterPump,2011.9.20,321.6,0,7,7,362.9,34.6,532.1,3,6
YangPyung/WaterPump,2011.9.21,297.3,0,6,6,360.5,34.9,529,3,6
YangPyung/WaterPump,2011.9.22,273.6,0,5,5,358.9,35.5,526.3,3,6
YangPyung/WaterPump,2011.9.23,257.8,0,5,5,356.7,37.7,523.7,3,6
YangPyung/WaterPump,2011.9.24,244.7,0,5,5,357.7,37.5,524.7,3,6
YangPyung/WaterPump,2011.9.25,244.5,0,4,4,359.1,36.9,526.3,3,4
YangPyung/WaterPump,2011.9.26,261.3,0,4,4,358.2,38.9,521.9,3,3
YangPyung/WaterPump,2011.9.27,269,0,4,4,358.3,38.7,526.8,3,6
YangPyung/WaterPump,2011.9.28,260.3,0,4,4,358.4,38.2,528.1,3,6
YangPyung/WaterPump,2011.9.29,263,0,4,4,358.5,38.7,526.8,3,6
YangPyung/WaterPump,2011.9.30,290.4,0,4,4,359.6,35.2,527.8,3,5
YangPyung/WaterPump,2011.10.1,278.6,0,4,4,362.9,37.1,527.2,3,5
YangPyung/WaterPump,2011.10.2,275.4,33,3,3,356.9,32.7,523.7,3,4
YangPyung/WaterPump,2011.10.3,276.4,33,3,3,353,23.7,520.8,3,5
YangPyung/WaterPump,2011.10.4,268.1,33,2,2,350.7,25.2,517,3,6
YangPyung/WaterPump,2011.10.5,232.1,33,2,2,345.9,27.5,511.5,3,5
YangPyung/WaterPump,2011.10.6,234.1,33,2,2,342,26.2,510,3,5
YangPyung/WaterPump,2011.10.7,239.3,33,2,2,338.5,27.1,509.1,3,5
YangPyung/WaterPump,2011.10.8,254.7,0,2,2,335.3,29.2,506.7,3,5
YangPyung/WaterPump,2011.10.9,265.7,0,2,2,331.7,31.3,503.7,3,5
YangPyung/WaterPump,2011.10.10,277.4,0,2,2,325.9,30.1,495.5,3,3
YangPyung/WaterPump,2011.10.11,295.5,2.5,3,3,316.6,24.8,483.6,3,2
YangPyung/WaterPump,2011.10.12,299.5,4.5,3,3,305.2,19.4,468.8,3,1
YangPyung/WaterPump,2011.10.13,294.5,4.5,3,3,296.1,18.9,460.8,3,3
YangPyung/WaterPump,2011.10.14,290.6,4.5,3,3,289.6,19.7,452.7,3,3
YangPyung/WaterPump,2011.10.15,310.9,4.5,3,3,285,21.2,448.9,3,3
YangPyung/WaterPump,2011.10.16,326.6,4.5,3,3,280.7,25.1,446.7,3,4
YangPyung/WaterPump,2011.10.17,331.3,2,3,3,277.5,28,441,3,4
YangPyung/WaterPump,2011.10.18,313.1,0,3,3,279.4,28.9,437.4,3,5
YangPyung/WaterPump,2011.10.19,299.1,0,3,3,280.3,27.8,433.8,3,5
YangPyung/WaterPump,2011.10.20,263.8,0,3,3,279.7,28.6,432.1,3,4
YangPyung/WaterPump,2011.10.21,230.9,0,3,3,281.2,30.8,435.6,3,4
YangPyung/WaterPump,2011.10.22,221.2,0,3,3,281.1,31,436.2,3,4
YangPyung/WaterPump,2011.10.23,246.7,0,3,3,280.3,30.6,434.9,3,3
YangPyung/WaterPump,2011.10.24,275.6,0,4,4,277.9,31.3,434.4,3,4
YangPyung/WaterPump,2011.10.25,303.9,5.5,4,4,275,29.9,430.3,3,3
YangPyung/WaterPump,2011.10.26,288.4,5.5,5,5,275.3,26.9,426.8,3,3
YangPyung/WaterPump,2011.10.27,278.1,7,6,6,277.1,26.4,420.9,3,2
YangPyung/WaterPump,2011.10.28,261.9,30,6,6,278.2,22.6,411.5,3,1
YangPyung/WaterPump,2011.10.29,245.2,30,7,7,276,16.3,408.3,3,1
YangPyung/WaterPump,2011.10.30,253.4,82.5,8,8,193.4,23.1,326.1,3,1
YangPyung/WaterPump,2012.5.7,224.2,1.5,9,9,198.2,27.3,325.7,3,1
YangPyung/WaterPump,2012.5.8,210.2,5,9,9,199.2,26.4,337.2,3,1
YangPyung/WaterPump,2012.5.9,183.9,5,9,9,207.3,23.7,345.1,3,1
YangPyung/WaterPump,2012.5.10,180.5,8,10,10,216.1,26.2,350.9,3,1
YangPyung/WaterPump,2012.5.11,183.2,12,11,11,223,29.8,351.7,3,1
YangPyung/WaterPump,2012.5.12,206.7,29,11,11,228.7,29.6,357.3,3,1
YangPyung/WaterPump,2012.5.13,231.3,27.5,11,11,234.2,26.2,364,3,1
YangPyung/WaterPump,2012.5.14,256.8,21,11,11,246.7,25.3,386.8,3,1
YangPyung/WaterPump,2012.5.15,290.2,12.5,11,11,280.5,34.1,421.8,3,1
YangPyung/WaterPump,2012.5.16,310.4,13.5,11,11,284,27.8,426.4,3,1
YangPyung/WaterPump,2012.5.17,313.6,13.5,10,10,288,30.4,430.4,3,1
YangPyung/WaterPump,2012.5.18,312.3,13.5,9,9,291.7,31.7,439.8,3,1
YangPyung/WaterPump,2012.5.19,310.7,3.5,9,9,321.2,33.4,469.1,3,1
YangPyung/WaterPump,2012.5.20,269.9,23.5,9,9,322.9,31.3,471.6,3,1
YangPyung/WaterPump,2012.5.21,243.7,23.5,9,9,324.3,30.5,473.4,3,1
YangPyung/WaterPump,2012.5.22,219.9,23.5,9,9,322.5,29.5,474.7,3,1
YangPyung/WaterPump,2012.5.23,197.9,24,8,8,320.3,30.5,476.2,3,1
YangPyung/WaterPump,2012.5.24,186,24,8,8,322.8,32.4,480.2,3,1
YangPyung/WaterPump,2012.5.25,201,20.5,7,7,328.4,30.4,481.6,3,1
YangPyung/WaterPump,2012.5.26,207.3,0.5,6,6,331.5,30.1,483.9,3,1
YangPyung/WaterPump,2012.5.27,217.3,0.5,5,5,333.5,33.6,490.8,3,1
YangPyung/WaterPump,2012.5.28,248.3,0.5,5,5,331.2,35.4,493.8,3,1
YangPyung/WaterPump,2012.5.29,266.8,0,5,5,329.9,35.2,494.1,3,2
YangPyung/WaterPump,2012.5.30,254.6,0,5,5,333.2,37.4,497.3,3,1
YangPyung/WaterPump,2012.5.31,253.6,0,5,5,336.5,38.8,498.5,3,1
YangPyung/WaterPump,2012.6.1,267.4,0,5,5,334.8,35.6,496.7,3,1
YangPyung/WaterPump,2012.6.2,254.1,0,5,5,333.3,32.9,501.4,3,1
YangPyung/WaterPump,2012.6.3,240.9,0,5,5,335.5,35,508,3,1
YangPyung/WaterPump,2012.6.4,239,0,5,5,342.8,38.9,511.9,3,1
YangPyung/WaterPump,2012.6.5,229.7,0,4,4,349.7,42.3,511.9,3,1
YangPyung/WaterPump,2012.6.6,233.7,0,3,3,354.8,42.4,512.8,3,1
YangPyung/WaterPump,2012.6.7,243.4,0,3,3,362.2,40.9,521,3,1
YangPyung/WaterPump,2012.6.12,306.9,0,3,3,369.3,41.7,530.8,3,1
YangPyung/WaterPump,2012.6.13,303,0,4,4,373.4,40.5,536,3,5
YangPyung/WaterPump,2012.6.14,289.7,21,5,5,375.6,40.1,536.8,3,1
YangPyung/WaterPump,2012.6.15,279.3,61.5,6,6,376.6,41.8,536,3,1
YangPyung/WaterPump,2012.6.16,273.3,76,7,7,374.3,39.7,531.7,3,4
YangPyung/WaterPump,2012.6.17,275.2,123.5,8,8,373,35.7,524.3,3,2
YangPyung/WaterPump,2012.6.18,268.8,163.5,9,9,370.4,34.2,519.3,3,2
YangPyung/WaterPump,2012.6.19,262.2,174.5,10,10,365.7,35.5,512.5,3,2
YangPyung/WaterPump,2012.6.20,257.9,155,10,10,366.2,36.4,520.3,3,2
YangPyung/WaterPump,2012.6.21,254.2,318,10,10,366.5,37.7,518.5,3,1
YangPyung/WaterPump,2012.6.22,248.2,319,10,10,368.5,41,517.5,3,1
YangPyung/WaterPump,2012.6.23,257.1,271.5,10,10,369.3,44.4,517.2,3,5
YangPyung/WaterPump,2012.6.24,266.4,231.5,10,10,367.8,45.2,519,3,2
YangPyung/WaterPump,2012.6.25,269.9,360.5,10,10,365.3,42.7,514.7,3,1
YangPyung/WaterPump,2012.6.26,261.3,359,10,10,363.7,39.8,511.1,3,3
YangPyung/WaterPump,2012.6.27,250.9,155.5,10,10,361.6,38.5,509.6,3,6
YangPyung/WaterPump,2012.6.28,236.6,140,11,11,361.6,40,510.1,3,5
YangPyung/WaterPump,2012.6.29,231.2,188.5,12,12,360.1,41.9,506.7,3,2
YangPyung/WaterPump,2012.6.30,243.3,204.5,13,13,359.5,41.9,499,3,3
YangPyung/WaterPump,2012.7.1,290.6,94,14,14,361.5,41.5,495.7,3,4
YangPyung/WaterPump,2012.7.2,325.8,97,15,15,366.3,42.7,495,3,1
YangPyung/WaterPump,2012.7.3,341.5,144.5,16,16,369.8,42.2,491.7,3,2
YangPyung/WaterPump,2012.7.4,369.2,190.5,17,17,373.8,41.4,494.5,3,1
YangPyung/WaterPump,2012.7.5,388.6,165.5,18,18,379.1,44.1,498.4,3,1
YangPyung/WaterPump,2012.7.6,390.4,187,19,19,379.1,45.6,504.3,3,1
YangPyung/WaterPump,2012.7.7,399.1,184,20,20,381.6,44.2,509,3,1
YangPyung/WaterPump,2012.7.8,398.4,220.5,20,20,380.2,43.2,513.1,3,4
YangPyung/WaterPump,2012.7.9,384.8,173,20,20,380.1,44.3,513.1,3,7
YangPyung/WaterPump,2012.7.10,369.1,127,20,20,384.1,47.2,524.8,3,8
YangPyung/WaterPump,2012.7.11,346.9,103.5,20,20,390.5,50.2,529.5,3,8
YangPyung/WaterPump,2012.7.12,341.6,66,19,19,396.1,50.2,532.4,3,2
YangPyung/WaterPump,2012.7.13,351.8,39.5,19,19,399.4,47.9,537,3,5
YangPyung/WaterPump,2012.7.14,363.4,0.5,18,18,398.1,44,538.6,3,2
YangPyung/WaterPump,2012.7.15,381.4,0.5,18,18,401,44.3,540.8,3,3
YangPyung/WaterPump,2012.7.16,403.5,6,18,18,403.5,46.2,538.7,3,1
YangPyung/WaterPump,2012.7.17,400.3,10,18,18,405.4,46.4,535.4,3,1
YangPyung/WaterPump,2012.7.18,398.5,115,18,18,407,45.5,539.7,3,1
YangPyung/WaterPump,2012.7.19,401.2,381.5,18,18,409.8,44.3,541.4,3,1
YangPyung/WaterPump,2012.7.20,404.4,471,18,18,411.9,45.9,539.4,3,1
YangPyung/WaterPump,2012.7.21,388.5,490.5,18,18,413.7,47.2,540.7,3,1
YangPyung/WaterPump,2012.7.22,375.6,485,19,19,417,49,549,3,1
YangPyung/WaterPump,2012.7.23,379.5,560,18,18,418.4,48.1,550.5,3,1
YangPyung/WaterPump,2012.7.24,374.6,455,19,19,421.3,46.8,552.8,3,1
YangPyung/WaterPump,2012.7.25,361.2,189.5,20,20,422,48.4,557.7,3,1
YangPyung/WaterPump,2012.7.26,355.6,106,21,21,418.7,48.7,559.8,3,1
YangPyung/WaterPump,2012.7.27,351.6,105.5,20,20,415.1,47.5,563.1,3,1
YangPyung/WaterPump,2012.7.28,345.2,105.5,19,19,416,47.3,567.4,3,1
YangPyung/WaterPump,2012.7.29,338.6,26.5,19,19,416.9,50.1,565.9,3,1
YangPyung/WaterPump,2012.7.30,333.5,31.5,19,19,420.8,50.6,565.3,3,1
YangPyung/WaterPump,2012.7.31,337.8,67.5,18,18,419.5,47.9,560.4,3,1
YangPyung/WaterPump,2012.8.1,340.5,61,17,17,420.2,47.9,556,3,1
YangPyung/WaterPump,2012.8.2,329.3,42,16,16,420,47.4,558.5,3,1
YangPyung/WaterPump,2012.8.3,315.6,42,16,16,420.4,47.5,558.9,3,1
YangPyung/WaterPump,2012.8.4,300.7,58.5,16,16,421.2,48.3,557.9,3,1
YangPyung/WaterPump,2012.8.5,278.5,61,16,16,421.4,47.8,556.9,3,1
YangPyung/WaterPump,2012.8.6,263.4,49,17,17,419.8,47,554.3,3,1
YangPyung/WaterPump,2012.8.7,260.7,49.5,18,18,417.1,46.1,554.8,3,1
YangPyung/WaterPump,2012.8.8,255.1,75,19,19,417.2,46.6,554.9,3,1
YangPyung/WaterPump,2012.8.9,254.8,86,19,19,415.1,46.3,549.1,3,1
YangPyung/WaterPump,2012.8.10,268.2,69.5,19,19,414.4,44.6,548.1,3,1
YangPyung/WaterPump,2012.8.11,286.6,62,19,19,413.1,44.3,549.8,3,1
YangPyung/WaterPump,2012.8.12,297.5,38,19,19,410.6,42.7,547.6,3,1
YangPyung/WaterPump,2012.8.13,329.8,37.5,18,18,406.1,39.7,547.7,3,1
YangPyung/WaterPump,2012.8.14,343.2,12,17,17,401.7,40.8,549.1,3,1
YangPyung/WaterPump,2012.8.15,344,1,16,16,398.3,40.8,551.2,3,1
YangPyung/WaterPump,2012.8.16,362.6,1,15,15,398.4,41.3,545.7,3,1
YangPyung/WaterPump,2012.8.17,366.4,1,14,14,398.4,43.4,542.7,3,1
YangPyung/WaterPump,2012.8.18,360.1,0,13,13,399.1,45,540.5,3,1
YangPyung/WaterPump,2012.8.19,375.4,0,13,13,399.9,47.5,544.8,3,1
YangPyung/WaterPump,2012.8.20,386.9,0,12,12,402.3,48.7,548.7,3,1
YangPyung/WaterPump,2012.8.21,386.3,0,13,13,404.1,49.3,549.4,3,1
YangPyung/WaterPump,2012.8.22,402.9,7,12,12,406.5,49.3,551,3,1
YangPyung/WaterPump,2012.8.23,409.4,7,11,11,409.7,48.6,556.2,3,6
YangPyung/WaterPump,2012.8.24,397.4,7,10,10,411.7,47.2,559.6,3,8
YangPyung/WaterPump,2012.8.25,391.6,7,10,10,414.9,47.3,564.3,3,5
YangPyung/WaterPump,2012.8.26,384.3,7,10,10,414.7,44.8,567.9,3,6
YangPyung/WaterPump,2012.8.27,371.2,7,9,9,414.2,41.5,570.9,3,6
YangPyung/WaterPump,2012.8.28,350.6,0,8,8,415.6,40.9,574.8,3,6
YangPyung/WaterPump,2012.8.29,351.8,0,8,8,415.2,39.3,573.2,3,5
YangPyung/WaterPump,2012.8.30,352.1,0,8,8,414.1,37,572,3,5
YangPyung/WaterPump,2012.8.31,357.8,0,9,9,411.7,38.5,570.7,3,6
YangPyung/WaterPump,2012.9.1,351.1,4,8,8,407.5,39.7,561.5,3,4
YangPyung/WaterPump,2012.9.2,360.2,4,7,7,403.5,37.7,557.2,3,5
YangPyung/WaterPump,2012.9.3,355.8,4,6,6,398.3,38.1,549.1,3,6
YangPyung/WaterPump,2012.9.4,356.9,4,5,5,394.5,39.5,547.7,3,6
YangPyung/WaterPump,2012.9.5,355.2,4,4,4,392,41.2,547.9,3,6
YangPyung/WaterPump,2012.9.6,350.7,4,3,3,389.4,43.6,545.9,3,5
YangPyung/WaterPump,2012.9.7,334.6,0,3,3,388.1,44.2,545.2,3,6
YangPyung/WaterPump,2012.9.8,330.1,0,4,4,386,43.9,544,3,6
YangPyung/WaterPump,2012.9.9,330.5,0.5,4,4,384.8,43.9,544.4,3,6
YangPyung/WaterPump,2012.9.10,314.8,1,4,4,379.2,40,538.5,3,5
YangPyung/WaterPump,2012.9.11,315.1,1,4,4,371.4,34.2,524.6,3,5
YangPyung/WaterPump,2012.9.12,315.3,1,4,4,365.6,30,516.8,3,3
YangPyung/WaterPump,2012.9.13,323.6,1,4,4,359.8,27.3,508.8,3,4
YangPyung/WaterPump,2012.9.14,338.9,1,4,4,354.9,26.4,502.1,3,4
YangPyung/WaterPump,2012.9.15,339,0.5,4,4,351.7,27.2,498.1,3,4
YangPyung/WaterPump,2012.9.16,334.4,0,4,4,349.1,29.5,494.8,3,4
YangPyung/WaterPump,2012.9.17,341.4,0,4,4,349,31.3,492.9,3,5
YangPyung/WaterPump,2012.9.18,359.3,0,4,4,349,31.9,492.9,3,5
YangPyung/WaterPump,2012.9.19,341.6,0,3,3,349.8,32.4,496.5,3,2
YangPyung/WaterPump,2012.9.20,337,0,4,4,346.5,34,498.7,3,1
YangPyung/WaterPump,2012.9.21,349.8,29.5,4,4,338.8,32.9,493.1,3,1
YangPyung/WaterPump,2012.9.22,358,29.5,4,4,329.8,26.8,489.8,3,1
YangPyung/WaterPump,2012.9.23,331.8,29.5,4,4,317.2,20.5,480,3,1
YangPyung/WaterPump,2012.9.24,319,29.5,4,4,305.5,18.9,467.9,3,1
YangPyung/WaterPump,2012.9.25,304.9,29.5,4,4,293.7,18.8,459.5,3,2
YangPyung/WaterPump,2012.9.26,287.6,29.5,4,4,287.8,18.6,449.4,3,2
YangPyung/WaterPump,2012.9.27,279.3,0,4,4,287.1,23.3,439.9,3,3
YangPyung/WaterPump,2012.9.28,280.7,0,4,4,286,27.8,430.5,3,3
YangPyung/WaterPump,2012.9.29,296.4,0,3,3,283.4,25.5,425.2,3,3
YangPyung/WaterPump,2012.9.30,305.4,0,3,3,280.9,23,428.3,3,3
YangPyung/WaterPump,2012.10.1,316.9,0,3,3,278.1,24.4,427.9,3,3
YangPyung/WaterPump,2012.10.2,321.2,0,3,3,275.6,26.4,425.4,3,3
YangPyung/WaterPump,2012.10.3,323.5,0,3,3,272.4,26.8,423.3,3,3
YangPyung/WaterPump,2012.10.4,311.6,0,3,3,266.1,25,417.4,3,3
YangPyung/WaterPump,2012.10.5,314.4,0,4,4,261.2,23.2,415.3,3,3
YangPyung/WaterPump,2012.10.6,312,5.5,5,5,255.8,24.5,405.6,3,2
YangPyung/WaterPump,2012.10.7,300.6,43,5,5,251.8,24.5,395.2,3,2
YangPyung/WaterPump,2012.10.8,291.2,50.5,4,4,251.5,22.2,385.9,3,2
YangPyung/WaterPump,2012.10.9,283.8,50.5,4,4,250.3,17.8,377.3,3,1
YangPyung/WaterPump,2012.10.10,282.2,50.5,4,4,246.2,12.4,372.9,3,1
YangPyung/WaterPump,2012.10.11,290.4,50.5,4,4,245.3,12.1,373.9,3,2
YangPyung/WaterPump,2012.10.12,284.9,45,4,4,245.4,18.2,377.4,3,3
YangPyung/WaterPump,2012.10.13,281.8,7.5,4,4,245.9,24.4,380.4,3,3
YangPyung/WaterPump,2012.10.14,282.8,0,4,4,246.1,27.3,381.8,3,3
YangPyung/WaterPump,2013.6.20,366.2,0,5,5,247.3,26.9,383.4,3,3
YangPyung/WaterPump,2013.6.21,366.3,2,5,5,243.7,20.8,377.9,3,1
YangPyung/WaterPump,2013.6.22,354,2,5,5,235.2,14.1,368.9,3,1
YangPyung/WaterPump,2013.6.23,341.1,2,5,5,227.5,10.4,363.3,3,2
YangPyung/WaterPump,2013.6.24,320.6,2,4,4,223.5,12.6,360.6,3,2
YangPyung/WaterPump,2013.6.25,316.1,2,5,5,222.8,19.8,357.7,3,3
YangPyung/WaterPump,2013.6.26,316.2,7,5,5,218.1,22.6,350.4,3,2
YangPyung/WaterPump,2013.6.27,318.5,0,6,6,283.7,27,447.2,3,4
YangPyung/WaterPump,2013.6.28,317.7,0,6,6,290.6,25.8,450.7,3,5
YangPyung/WaterPump,2013.6.29,309.2,0,5,5,301.4,27.5,453.9,3,4
YangPyung/WaterPump,2013.6.30,297.4,0,4,4,308,29.3,456.6,3,4
YangPyung/WaterPump,2013.7.1,299.2,0,4,4,308.9,30,466,3,4
YangPyung/WaterPump,2013.7.2,297.8,0,4,4,310.4,30.2,473.5,3,3
YangPyung/WaterPump,2013.7.3,317.2,0,4,4,315.8,28.8,476.5,3,4
YangPyung/WaterPump,2013.7.4,325.2,0,5,5,319.1,29.2,474.4,3,4
YangPyung/WaterPump,2013.7.5,354.7,8,5,5,317.7,30.3,469.6,3,4
YangPyung/WaterPump,2013.7.6,367.7,8,5,5,314.5,28.2,474,3,4
YangPyung/WaterPump,2013.7.7,382.3,8,6,6,308.5,25.6,473.3,3,4
YangPyung/WaterPump,2013.7.8,378.6,14,6,6,302.2,25.5,471.6,3,4
YangPyung/WaterPump,2013.7.9,398.1,14,6,6,296.7,24.5,469.9,3,5
YangPyung/WaterPump,2013.7.10,401.1,14,5,5,296.2,25.3,465.6,3,4
YangPyung/WaterPump,2013.7.13,433.1,6,4,4,297.7,28.5,465.6,3,4
YangPyung/WaterPump,2013.7.14,434.6,6,4,4,302.7,32.8,464.9,3,4
YangPyung/WaterPump,2013.7.15,438.2,6,4,4,308.1,35.9,468.1,3,4
YangPyung/WaterPump,2013.7.16,435.5,0,3,3,311.1,35.8,470.3,3,4
YangPyung/WaterPump,2013.7.17,419.9,0,2,2,310.1,34.3,469.3,3,4
YangPyung/WaterPump,2013.7.18,420.6,0,2,2,310.2,33,471.5,3,4
YangPyung/WaterPump,2013.7.19,416.1,0,3,3,309.5,30.2,472.8,3,4
YangPyung/WaterPump,2013.7.20,397.2,1,4,4,312.1,30.9,468.3,3,5
YangPyung/WaterPump,2013.7.21,389.5,6.5,4,4,315.1,33.6,466.9,3,4
YangPyung/WaterPump,2013.7.22,397.9,6.5,4,4,317.5,35.2,464.9,3,4
YangPyung/WaterPump,2013.7.23,389.8,6.5,4,4,322,36.3,469.1,3,4
YangPyung/WaterPump,2013.7.24,391.5,6.5,4,4,326,35.1,473.8,3,4
YangPyung/WaterPump,2013.7.25,398.5,6.5,4,4,330.4,33.4,475.7,3,6
YangPyung/WaterPump,2013.7.26,397.9,5.5,4,4,336.9,35.4,485.8,3,4
YangPyung/WaterPump,2013.7.27,390,0,4,4,341.8,37.4,492.6,3,5
YangPyung/WaterPump,2013.7.28,376.8,0,4,4,345.3,36,499,3,4
YangPyung/WaterPump,2013.7.29,375,0,4,4,346.7,38.2,506.1,3,4
YangPyung/WaterPump,2013.7.30,378.3,0,4,4,346.1,40.1,509.8,3,4
YangPyung/WaterPump,2013.7.31,380.4,0,3,3,357,41.1,513.8,3,6
YangPyung/WaterPump,2013.8.1,384.9,0,3,3,360.4,40.7,519.4,3,5
YangPyung/WaterPump,2013.8.2,384.4,0,3,3,363.2,38.6,521.9,3,6
YangPyung/WaterPump,2013.8.3,379.3,0,2,2,366.4,38.9,526.1,3,5
YangPyung/WaterPump,2013.8.4,369.3,0,2,2,369.3,41.2,530.2,3,5
YangPyung/WaterPump,2013.8.5,371.8,0,2,2,371.8,40.9,534,3,5
YangPyung/WaterPump,2013.8.6,375.3,0,2,2,374.3,38.1,538.5,3,7
YangPyung/WaterPump,2013.8.7,388.8,0,2,2,376.7,39,544.5,3,7
YangPyung/WaterPump,2013.8.8,382.2,0,2,2,379.8,42.1,551.7,3,6
YangPyung/WaterPump,2013.8.9,383.4,0,2,2,381.5,43,557.2,3,6
YangPyung/WaterPump,2013.8.10,386.9,0,2,2,384.2,42.9,561.7,3,7
YangPyung/WaterPump,2013.8.13,377.4,0,2,2,385.5,41.6,561.5,3,7
YangPyung/WaterPump,2013.8.14,369.5,0,2,2,389,41.7,563.7,3,7
YangPyung/WaterPump,2013.8.17,345.8,0,1,1,394.7,44.9,568.4,3,6
YangPyung/WaterPump,2013.8.18,345.6,0,0,0,397.4,45.9,573.3,3,6
YangPyung/WaterPump,2013.8.19,352.8,0,0,0,398,43.5,575.7,3,6
YangPyung/WaterPump,2013.8.20,354.6,0,0,0,399.2,40.9,579.2,3,6
YangPyung/WaterPump,2013.8.21,345.1,0,1,1,401.5,41.1,578.1,3,6
YangPyung/WaterPump,2013.8.22,328.2,12,2,2,404.2,43.3,581,3,4
YangPyung/WaterPump,2013.8.23,317.2,106,2,2,401.3,42.3,576.7,3,4
YangPyung/WaterPump,2013.8.24,323.3,106,2,2,399.6,39.4,572.6,3,6
YangPyung/WaterPump,2013.8.25,314.8,106,2,2,400.6,40.7,573.7,3,6
YangPyung/WaterPump,2013.8.26,305.1,106,2,2,400.4,41.7,570.3,3,5
YangPyung/WaterPump,2013.8.27,302.5,106,3,3,399.6,43.1,570.2,3,4
YangPyung/WaterPump,2013.8.28,305.5,132.5,4,4,396.5,44.5,566.1,3,4
YangPyung/WaterPump,2013.8.29,286,170.5,4,4,392.3,41.7,558.6,3,4
YangPyung/WaterPump,2013.8.30,304.7,170.5,4,4,391.5,38.9,559.5,3,5
YangPyung/WaterPump,2013.8.31,322,170.5,4,4,393,40.3,556.5,3,6
YangPyung/WaterPump,2013.9.1,335.5,170.5,5,5,393.2,43.2,555.9,3,6
YangPyung/WaterPump,2013.9.2,328.5,175.5,6,6,391.4,42.3,552,3,5
YangPyung/WaterPump,2013.9.5,260.3,144,6,6,388.5,41.3,550.3,3,5
YangPyung/WaterPump,2013.9.6,247.4,12,7,7,388.6,41.5,548,3,5
YangPyung/WaterPump,2013.9.7,252.4,55.5,8,8,389.9,42.7,545.3,3,5
YangPyung/WaterPump,2013.9.8,264.3,64,9,9,387.7,42.3,538.7,3,5
YangPyung/WaterPump,2013.9.9,284.2,98,10,10,381.5,39.5,528.6,3,5
YangPyung/WaterPump,2013.9.12,359.1,94.5,11,11,381.6,38.1,522.6,3,7
YangPyung/WaterPump,2013.9.13,377.7,88,12,12,385,40.8,522.4,3,7
YangPyung/WaterPump,2013.9.14,401.8,90,13,13,386.8,46.7,519.1,3,7
YangPyung/WaterPump,2013.9.15,415.9,131,14,14,387.2,47.4,522.1,3,8
YangPyung/WaterPump,2013.9.16,399.1,123,14,14,388.5,44.4,526.7,3,8
YangPyung/WaterPump,2013.9.17,357.8,89,15,15,392.8,46.2,528.1,3,8
YangPyung/WaterPump,2013.9.18,325.8,97.5,16,16,399.3,48.1,531.7,3,8
YangPyung/WaterPump,2013.9.19,292.3,98,16,16,402.5,49.2,534.8,3,7
YangPyung/WaterPump,2013.9.20,267.2,96,16,16,404.9,50.8,542,3,7
YangPyung/WaterPump,2013.9.21,279.2,11.5,16,16,406.6,49.9,552.7,3,7
YangPyung/WaterPump,2013.9.22,296.8,11,16,16,408.9,48.6,554.1,3,6
YangPyung/WaterPump,2013.9.23,303.3,11,15,15,413.3,48.5,555.6,3,6
YangPyung/WaterPump,2013.9.24,304.9,1,14,14,416.9,49.1,556.6,3,6
YangPyung/WaterPump,2013.9.25,330.7,0,15,15,419.7,50.5,560.5,3,5
YangPyung/WaterPump,2013.9.26,316.5,11,15,15,425.1,48.4,565.2,3,4
YangPyung/WaterPump,2013.9.27,286.5,11,15,15,434.5,49.2,569.6,3,5
YangPyung/WaterPump,2013.9.28,282.5,11,15,15,443.6,52.9,575.1,3,4
YangPyung/WaterPump,2013.9.29,297.5,11,14,14,449,53.2,584.3,3,2
YangPyung/WaterPump,2013.9.30,301.8,11,13,13,453.8,54.3,598.6,3,2
YangPyung/WaterPump,2013.10.1,316.3,11,13,13,461.5,55.5,609,3,3
YangPyung/WaterPump,2013.10.2,346.2,0,13,13,467.6,55.9,615.7,3,4
YangPyung/WaterPump,2013.10.3,353.9,0,13,13,471.6,56.1,622.5,3,3
YangPyung/WaterPump,2013.10.4,332.4,0,12,12,474.8,54.9,630.8,3,3
YangPyung/WaterPump,2013.10.5,300.9,0,11,11,476.5,52.5,634.1,3,3
YangPyung/WaterPump,2013.10.6,277.1,0,11,11,477.6,52.3,636.4,3,3
YangPyung/WaterPump,2013.10.7,263.8,0,10,10,476.5,51.8,634.5,3,7
YangPyung/WaterPump,2013.10.10,314.7,0,10,10,476.3,49.9,634.4,3,7
YangPyung/WaterPump,2013.10.11,337.7,32,10,10,473.1,46.4,629.7,3,6
YangPyung/WaterPump,2013.10.12,341.7,32.5,10,10,471.6,43.7,629.2,3,6
YangPyung/WaterPump,2013.10.13,329.6,45,10,10,469.2,45,627.3,3,1
YangPyung/WaterPump,2013.10.14,308.2,221,9,9,464.6,45.4,622.2,3,5
YangPyung/WaterPump,2013.10.15,307.9,221,8,8,461.2,44.8,618.9,3,6
YangPyung/WaterPump,2013.10.16,316.3,221,8,8,457.9,47,618.2,3,5
YangPyung/WaterPump,2013.10.17,311.9,190,9,9,454.5,50.5,615.9,3,4
YangPyung/WaterPump,2013.10.18,313.6,193.5,9,9,451.1,51.7,614.2,3,4
YangPyung/WaterPump,2013.10.19,306.4,256,9,9,444.3,49.4,606.3,3,4
YangPyung/WaterPump,2013.10.20,301.9,238.5,10,10,437.5,46.8,599.7,3,4
YangPyung/WaterPump,2013.10.21,282.6,263,10,10,428.3,43.3,589,3,4
YangPyung/WaterPump,2013.10.22,279.8,263,11,11,420.6,41.3,579,3,4
YangPyung/WaterPump,2013.10.23,270.4,270.5,12,12,414.2,42.2,569.7,3,4
YangPyung/WaterPump,2013.10.24,264.7,281,12,12,410.3,42.8,564,3,5
YangPyung/WaterPump,2013.10.25,256.4,206,12,12,410.7,46.1,561.6,3,5
YangPyung/WaterPump,2013.10.26,238.2,47.5,12,12,411,48.8,561,3,5
YangPyung/WaterPump,2013.10.27,238.4,38,13,13,412,46.3,557.1,3,4
YangPyung/WaterPump,2013.10.28,248.6,43,14,14,411.2,43.8,557.4,3,2
YangPyung/WaterPump,2013.10.29,265,77,14,14,406,41,551.5,3,5
YangPyung/WaterPump,2013.10.30,285.5,62.5,15,15,406,37.4,552.4,3,5
YangPyung/WaterPump,2013.10.31,302.5,63,15,15,405.2,40.7,549.6,3,6
YangPyung/WaterPump,2013.11.1,306.9,63,16,16,402.2,43.4,548.5,3,6
YangPyung/WaterPump,2013.11.2,301.4,48.5,17,17,400.1,43.4,550.3,3,6
YangPyung/WaterPump,2013.11.3,315.7,139,18,18,393.8,40.8,545.8,3,5
YangPyung/WaterPump,2013.11.4,324.7,105,18,18,391.4,37.5,540.6,3,6
YangPyung/WaterPump,2013.11.5,336.1,105,19,19,388.1,35.7,538,3,6
YangPyung/WaterPump,2013.11.6,345.5,111.5,20,20,388.1,34.5,533.9,3,7
YangPyung/WaterPump,2013.11.7,372.2,139.5,20,20,385.6,35.5,530.4,3,7
YangPyung/WaterPump,2013.11.8,345.3,139,19,19,383.7,35.4,526.9,3,6
YangPyung/WaterPump,2013.11.9,308.4,43.5,18,18,381.5,36.3,530.4,3,7
YangPyung/WaterPump,2013.11.10,300.2,35,17,17,376.9,36.7,532.8,3,6
YangPyung/WaterPump,2013.11.11,281.2,35,17,17,371.1,38.4,531.6,3,5
YangPyung/WaterPump,2013.11.12,236.6,38.5,18,18,365.2,38.6,524.4,3,5
YangPyung/WaterPump,2013.11.13,219.8,13,18,18,358.8,34.9,514.4,3,7
YangPyung/WaterPump,2013.11.14,219.9,13,18,18,358.4,33.7,506.7,3,6
YangPyung/WaterPump,2013.11.15,212.9,15.5,18,18,354.5,34.9,499,3,6
YangPyung/WaterPump,2013.11.16,245.9,116,17,17,346.7,34,488.4,3,7
YangPyung/WaterPump,2013.11.17,285,116,16,16,342.9,34,489.1,3,6
YangPyung/WaterPump,2013.11.18,307,105.5,15,15,338.2,35.2,485.4,3,5
YangPyung/WaterPump,2013.11.19,317.1,103,15,15,336.8,33.4,480.5,3,6
YangPyung/WaterPump,2013.11.20,315.9,103,14,14,334.6,33.6,475.8,3,6
YangPyung/WaterPump,2013.11.21,276.4,100.5,13,13,333.8,33.8,473.1,3,6
YangPyung/WaterPump,2013.11.22,253.2,0,13,13,332.7,32.9,474.9,3,6
YangPyung/WaterPump,2013.11.23,253,0,13,13,333.6,33.5,475.6,3,7
YangPyung/WaterPump,2013.11.24,264,0,12,12,334.3,34,476.3,3,6
YangPyung/WaterPump,2013.11.25,284.4,0,11,11,332.4,34.3,474.5,3,6
YangPyung/WaterPump,2013.11.26,310.2,0,11,11,329.7,35,474.3,3,8
YangPyung/WaterPump,2013.11.27,322.3,15,12,12,326,34,472.1,3,8
YangPyung/WaterPump,2013.11.28,331.2,15.5,11,11,322.6,30.5,463.5,3,5
YangPyung/WaterPump,2013.11.29,315.5,15.5,11,11,319.4,26.6,455.9,3,5
YangPyung/WaterPump,2013.11.30,294.1,15.5,10,10,316.5,25.5,453.8,3,5
YangPyung/WaterPump,2013.12.1,286.4,15.5,9,9,315.8,28.3,456.3,3,6
YangPyung/WaterPump,2013.12.2,292.4,15.5,8,8,318.6,30.2,459.7,3,6
YangPyung/WaterPump,2013.12.3,289.9,0.5,8,8,316.9,30.4,458.4,3,5
YangPyung/WaterPump,2013.12.4,303.6,0,7,7,315.6,30.5,459.2,3,6
YangPyung/WaterPump,2013.12.5,323.5,0,6,6,315.1,31.8,464.7,3,5
YangPyung/WaterPump,2013.12.6,340,0,6,6,313.7,31.3,463.8,3,6
YangPyung/WaterPump,2013.12.7,315.7,0,6,6,311.4,30,462.7,3,6
YangPyung/WaterPump,2013.12.8,312.2,0,7,7,307.5,29.3,460.3,3,5
YangPyung/WaterPump,2013.12.12,339.4,0.5,7,7,302.6,27.7,457.1,3,6
YangPyung/WaterPump,2013.12.13,348.5,0.5,6,6,295,24,449.5,3,5
YangPyung/WaterPump,2013.12.14,320.7,0.5,5,5,289.4,20.4,444,3,6
YangPyung/WaterPump,2014.5.2,370.3,0.5,5,5,286,22,439.4,3,6
YangPyung/WaterPump,2014.5.3,354.6,22.5,6,6,385.7,41.5,540.6,3,1
YangPyung/WaterPump,2014.5.4,317.6,22.5,6,6,388.3,40.8,544.1,3,1
YangPyung/WaterPump,2014.5.5,305.9,22.5,6,6,389.3,42.1,544.5,3,5
YangPyung/WaterPump,2014.5.6,300.3,22.5,6,6,388.8,44.5,547.6,3,5
YangPyung/WaterPump,2014.5.7,285.7,22.5,6,6,385.5,42,544.9,3,6
YangPyung/WaterPump,2014.5.8,263.1,0,5,5,383,39.3,544.6,3,6
YangPyung/WaterPump,2014.5.9,292.4,0,4,4,380.9,40,544.9,3,6
YangPyung/WaterPump,2014.5.10,295.4,0,3,3,378.2,41.3,543.7,3,6
YangPyung/WaterPump,2014.5.11,282.3,0,4,4,379.7,41.3,544.4,3,7
YangPyung/WaterPump,2014.5.12,290.8,1,4,4,384.2,41.5,541.9,3,7
YangPyung/WaterPump,2014.5.13,321.6,1,4,4,388.1,43,542.3,3,1
YangPyung/WaterPump,2014.5.14,307.6,1,4,4,391.3,45.5,548.6,3,4
YangPyung/WaterPump,2014.5.15,305.9,1,5,5,393.4,46.4,556.9,3,4
YangPyung/WaterPump,2014.5.16,329.4,48.5,5,5,394.9,44.4,557.3,3,3
YangPyung/WaterPump,2014.5.17,325.3,48.5,6,6,397.3,41.5,557.8,3,3
YangPyung/WaterPump,2014.5.18,294.2,65,7,7,400.4,42.7,556.1,3,3
YangPyung/WaterPump,2014.5.19,274.4,66.5,7,7,402,44.6,558.8,3,2
YangPyung/WaterPump,2014.5.20,270.4,66.5,8,8,401,43.1,562.2,3,3
YangPyung/WaterPump,2014.5.21,248.9,70,9,9,399.7,43,568.5,3,3
YangPyung/WaterPump,2014.5.22,263.9,77.5,10,10,399.6,44.1,565.6,3,4
YangPyung/WaterPump,2014.5.23,279.3,86,10,10,402,45.8,561.3,3,3
YangPyung/WaterPump,2014.5.24,297.6,110,12,12,403.4,46.8,552.1,3,3
YangPyung/WaterPump,2014.5.25,311.3,282.5,13,13,402.9,46.1,548.4,3,7
YangPyung/WaterPump,2014.5.26,344.8,239.5,14,14,402,46.1,544.5,3,4
YangPyung/WaterPump,2014.5.27,346.9,238.5,14,14,401.5,47.3,544.8,3,3
YangPyung/WaterPump,2014.5.28,333,236,14,14,400.4,49.5,542.8,3,4
YangPyung/WaterPump,2014.5.29,325.4,242,15,15,397.9,48.6,539.3,3,3
YangPyung/WaterPump,2014.5.30,311.2,225.5,15,15,399.1,47,535.8,3,4
YangPyung/WaterPump,2014.5.31,274.8,49.5,15,15,401.3,47.2,534.5,3,5
YangPyung/WaterPump,2014.6.1,257.7,37.5,16,16,403.8,48.2,533.9,3,5
YangPyung/WaterPump,2014.6.2,266.3,31,17,17,405.2,49.7,535.8,3,5
YangPyung/WaterPump,2014.6.3,279,122,18,18,407.2,49.3,535.8,3,6
YangPyung/WaterPump,2014.6.4,319.7,134,19,19,408.2,49,535.2,3,7
YangPyung/WaterPump,2014.6.5,338.7,134.5,19,19,408.4,47.8,533.2,3,6
YangPyung/WaterPump,2014.6.6,347.2,134.5,19,19,409.8,45.7,533.4,3,6
YangPyung/WaterPump,2014.6.7,348,134.5,18,18,410.9,46.1,535.4,3,4
YangPyung/WaterPump,2014.6.8,339.6,133.5,19,19,411.7,46.1,539.9,3,5
YangPyung/WaterPump,2014.6.9,319.6,51,20,20,413.5,45.9,540.3,3,5
YangPyung/WaterPump,2014.6.10,328.9,15,21,21,415,47.1,543.2,3,5
YangPyung/WaterPump,2014.6.11,342.1,15.5,21,21,416.5,46.7,548.4,3,4
YangPyung/WaterPump,2014.6.12,370.3,19,21,21,416.2,47.3,553.6,3,4
YangPyung/WaterPump,2014.6.13,379.1,19,21,21,417.3,48.2,560.5,3,5
YangPyung/WaterPump,2014.6.14,382.8,22.5,20,20,420.5,48.3,565,3,4
YangPyung/WaterPump,2014.6.15,383.6,14,20,20,424,50.7,567.4,3,6
YangPyung/WaterPump,2014.6.16,381.5,13,20,20,425.6,52.4,570.3,3,8
YangPyung/WaterPump,2014.6.19,351,14,20,20,425.7,50.8,574.8,3,8
YangPyung/WaterPump,2014.6.20,358.7,48,19,19,425.4,46.9,574.7,3,8
YangPyung/WaterPump,2014.6.21,365.3,48,18,18,427.9,47.1,575.8,3,6
YangPyung/WaterPump,2014.6.22,379.8,44.5,17,17,431.7,51.8,578.3,3,6
YangPyung/WaterPump,2014.6.23,382.4,44.5,17,17,436.1,54.3,579.8,3,4
YangPyung/WaterPump,2014.6.24,402.5,17.5,14,14,443.1,50.8,591.9,3,6
YangPyung/WaterPump,2014.6.25,397.8,17.5,14,14,446.6,51.8,594.8,3,5
YangPyung/WaterPump,2014.6.26,395.4,0,12,12,455.2,52.3,603.7,3,5
YangPyung/WaterPump,2014.6.27,382.5,0,12,12,455.7,53.2,606.5,3,3
YangPyung/WaterPump,2014.6.28,382.9,0,12,12,456.8,53.6,607.3,3,8
YangPyung/WaterPump,2014.6.29,363.1,2,11,11,455.9,51.9,610.3,3,4
YangPyung/WaterPump,2014.6.30,358.8,2,10,10,455.3,48.4,610.6,3,6
YangPyung/WaterPump,2014.7.1,352.7,2,9,9,457.2,47.7,614.2,3,5
YangPyung/WaterPump,2014.7.2,352.5,2,10,10,460.3,50.5,614.8,3,5
YangPyung/WaterPump,2014.7.3,355,46.5,10,10,456.8,48.3,611.6,3,5
YangPyung/WaterPump,2014.7.4,368.9,46.5,10,10,454.5,44.3,612.8,3,5
YangPyung/WaterPump,2014.7.5,360.7,44.5,9,9,452.7,45,616.6,3,5
YangPyung/WaterPump,2014.7.6,363.1,44.5,8,8,453.1,46.5,615.8,3,5
YangPyung/WaterPump,2014.7.7,361.1,44.5,7,7,450.4,46.4,612.2,3,7
YangPyung/WaterPump,2014.7.8,345.2,44.5,7,7,447.8,46,611.8,3,5
YangPyung/WaterPump,2014.7.9,332.7,13.5,7,7,444.3,47.1,608.7,3,6
YangPyung/WaterPump,2014.7.10,348.9,13.5,6,6,440.5,46.2,603.9,3,5
YangPyung/WaterPump,2014.7.11,336.4,13.5,6,6,436.1,43.3,598.5,3,6
YangPyung/WaterPump,2014.7.12,334,13.5,6,6,431.4,40.9,593.6,3,7
YangPyung/WaterPump,2014.7.13,346.9,0,4,4,414.9,35.8,577.2,3,8
YangPyung/WaterPump,2014.7.14,347.3,0,4,4,408.6,36.2,569.9,3,5
YangPyung/WaterPump,2014.7.15,339.8,0,4,4,400.5,37.1,561.9,3,6
YangPyung/WaterPump,2014.7.16,351.3,0,3,3,393.6,37.5,556.3,3,8
YangPyung/WaterPump,2014.7.17,356.3,0,3,3,391.5,38,551,3,8
YangPyung/WaterPump,2014.7.18,357.9,54,6,6,375.1,36.4,530.4,3,7
YangPyung/WaterPump,2014.7.19,365,54.5,7,7,371.8,39,525.3,3,2
YangPyung/WaterPump,2014.7.20,374,137.5,8,8,367.9,40.9,518.9,3,5
YangPyung/WaterPump,2014.7.21,380.4,149,8,8,365.5,41.4,513.1,3,5
YangPyung/WaterPump,2014.7.22,385.9,149,8,8,363.9,40.5,511.4,3,6
YangPyung/WaterPump,2014.7.23,393.9,131,7,7,361.1,35.5,507.6,3,5
YangPyung/WaterPump,2014.7.24,403.4,95,7,7,359.9,33.8,509.9,3,6
YangPyung/WaterPump,2014.7.25,416.4,94.5,7,7,361.3,36.6,511.1,3,6
YangPyung/WaterPump,2014.7.26,422.5,11.5,7,7,363.5,39,512.9,3,6
YangPyung/WaterPump,2014.7.27,434.7,0,6,6,364.5,40.2,512.5,3,6
YangPyung/WaterPump,2014.7.28,425.8,0,6,6,367.3,40.6,514.4,3,6
YangPyung/WaterPump,2014.7.29,407.4,0,6,6,369.1,40.9,514.3,3,5
YangPyung/WaterPump,2014.7.30,383,0,7,7,370.2,39.3,515.6,3,4
YangPyung/WaterPump,2014.7.31,371.7,2.5,7,7,368.7,39.4,514.8,3,5
YangPyung/WaterPump,2014.8.1,361.5,2.5,7,7,364.7,35.8,515,3,6
YangPyung/WaterPump,2014.8.2,349.9,2.5,6,6,360.3,28.1,510.3,3,5
YangPyung/WaterPump,2014.8.3,333.3,2.5,7,7,358.9,24.9,506.9,3,6
YangPyung/WaterPump,2014.8.4,352.5,7,8,8,353.6,27,499,3,4
YangPyung/WaterPump,2014.8.5,374.9,24.5,8,8,348,29.2,492.8,3,5
YangPyung/WaterPump,2014.8.6,386.5,22,8,8,345.6,32.4,497.2,3,6
YangPyung/WaterPump,2014.8.7,415.5,22,9,9,343.6,35.4,496.9,3,6
YangPyung/WaterPump,2014.8.8,451.6,22.5,9,9,341.7,32.1,493.2,3,7
YangPyung/WaterPump,2014.8.9,426.3,22.5,9,9,335.5,26.6,488.4,3,6
YangPyung/WaterPump,2014.8.10,381.7,18,9,9,329.1,23.9,485.5,3,5
YangPyung/WaterPump,2014.8.11,373.6,0.5,9,9,325,26.1,485.9,3,6
YangPyung/WaterPump,2014.8.12,359.6,0.5,9,9,322.4,30.1,482,3,7
YangPyung/WaterPump,2014.8.13,346.3,3.5,8,8,314.4,33.6,469,3,8
YangPyung/WaterPump,2014.8.14,359.3,3.5,8,8,313.7,32.5,467.3,3,8
YangPyung/WaterPump,2014.8.15,389.5,5,7,7,312.6,32,461.6,3,6
YangPyung/WaterPump,2014.8.16,383,5,6,6,312.1,27.4,454.5,3,5
YangPyung/WaterPump,2014.8.17,378.5,5,6,6,311.3,25.7,453.9,3,5
YangPyung/WaterPump,2014.8.18,381.8,1.5,7,7,312.5,27.5,454.6,3,5
YangPyung/WaterPump,2014.8.19,396.5,6.5,7,7,307.8,23.5,450.5,3,3
YangPyung/WaterPump,2014.8.20,414.5,6.5,7,7,299.2,16.6,442.6,3,4
YangPyung/WaterPump,2014.8.21,427.6,5,7,7,290.5,15.5,440.6,3,4
YangPyung/WaterPump,2014.8.22,450.2,5,7,7,285.3,17.7,441.3,3,4
YangPyung/WaterPump,2014.8.23,452.5,5,7,7,283.8,20.3,435.5,3,5
YangPyung/WaterPump,2014.8.24,442,5,7,7,282.8,24.1,431.4,3,5
YangPyung/WaterPump,2014.8.25,420.9,0,7,7,278.8,25.9,430.7,3,5
YangPyung/WaterPump,2014.8.26,406.7,0,6,6,274.2,24.9,431.3,3,5
YangPyung/WaterPump,2014.8.27,381.6,0,6,6,268,24.9,427.7,3,4
YangPyung/WaterPump,2014.8.28,365,0,6,6,261.8,21.2,418.4,3,3
YangPyung/WaterPump,2014.8.29,350.8,0,6,6,251,14.5,407.1,3,2
YangPyung/WaterPump,2014.8.30,347.2,0,5,5,240.5,11.9,395.5,3,3
YangPyung/WaterPump,2014.8.31,347,0,4,4,234,12.5,391.7,3,4
YangPyung/WaterPump,2014.9.1,344.2,0,5,5,229.4,14.8,383,3,3
YangPyung/WaterPump,2014.9.2,349.9,3,5,5,225,18.1,373.2,3,4
YangPyung/WaterPump,2014.9.3,358.2,3,4,4,217.2,17.6,367.5,3,3
YangPyung/WaterPump,2014.9.4,386.1,3,4,4,217.1,14.7,364.1,3,3
YangPyung/WaterPump,2014.9.5,393.9,3,5,5,220.1,17.2,361.4,3,4
YangPyung/WaterPump,2014.9.6,401.3,12,5,5,219.2,19.1,352.5,3,3
YangPyung/WaterPump,2014.9.7,395.7,12,5,5,217,17.5,351.1,3,3
YangPyung/WaterPump,2014.9.8,394.2,9,5,5,214.6,18.2,352.2,3,3
YangPyung/WaterPump,2014.9.9,369.4,9,4,4,210.5,18.1,352.3,3,3
YangPyung/WaterPump,2014.9.10,356.5,9,5,5,206.4,17.9,347.6,3,3
YangPyung/WaterPump,2014.9.11,341.1,9.5,5,5,202.8,18.3,343.4,3,3
YangPyung/WaterPump,2014.9.12,335.3,0.5,5,5,196.2,14.1,335.4,3,3
YangPyung/WaterPump,2014.9.13,338.1,6.5,5,5,194.4,15.3,330.4,3,1
YangPyung/WaterPump,2014.9.14,324,6.5,5,5,190.9,13.3,319.2,3,1
YangPyung/WaterPump,2014.9.15,318.1,6.5,5,5,184.1,3.7,305.2,3,1
YangPyung/WaterPump,2014.9.16,322.4,6.5,4,4,176.4,0.6,295.8,3,1
YangPyung/WaterPump,2014.9.17,305.1,6,4,4,169.6,0.9,292.9,3,1
YangPyung/WaterPump,2014.9.18,282.5,6,5,5,163.9,5.2,288.4,3,3
YangPyung/WaterPump,2014.9.19,278.1,5,6,6,161.6,10.7,284,3,1
YangPyung/WaterPump,2014.9.20,272.5,11,7,7,157.5,10.2,279.2,3,1
YangPyung/WaterPump,2014.9.21,260.1,12,7,7,148.5,6.9,270.1,3,2
YangPyung/WaterPump,2014.9.22,277.9,12,7,7,138.4,2.7,259.8,3,1
YangPyung/WaterPump,2014.9.23,283.1,12,7,7,128.4,-0.9,246.1,3,1
YangPyung/WaterPump,2014.9.24,278.7,12,7,7,118.4,-1.3,231.4,3,1
YangPyung/WaterPump,2014.9.25,301.6,7,7,7,109.1,-0.1,223.7,3,1
YangPyung/WaterPump,2014.9.26,316,1,7,7,102.5,0.9,217.6,3,2
YangPyung/WaterPump,2014.9.27,332.5,0,8,8,97.6,4.1,213.3,3,2
YangPyung/WaterPump,2014.9.28,354,11.5,9,9,95.5,8.8,206.2,3,1
YangPyung/WaterPump,2014.9.29,387.4,27.5,10,10,88.7,6.4,201.1,3,1
YangPyung/WaterPump,2014.9.30,408.5,28.5,10,10,85.6,0.3,192,3,1
YangPyung/WaterPump,2014.10.1,414.1,30.5,10,10,82.6,-3.8,183.2,3,1
YangPyung/WaterPump,2014.10.2,404.6,30.5,10,10,75.7,-7.1,166.4,3,1
YangPyung/WaterPump,2014.10.3,414.6,30.5,10,10,70.9,-8.2,161.3,3,1
YangPyung/WaterPump,2014.10.4,403.4,19,9,9,69.7,-4,165.2,3,1
YangPyung/WaterPump,2014.10.5,366.4,3,9,9,65.9,2.2,165.4,3,1
YangPyung/WaterPump,2014.10.6,347,2,9,9,63.2,2.9,162.5,3,1
YangPyung/WaterPump,2014.10.7,335.4,0,9,9,64.8,5.4,162.5,3,1
YangPyung/WaterPump,2014.10.8,311.2,0,9,9,69.1,8.4,159.3,3,1
YangPyung/WaterPump,2014.10.9,298.4,0,8,8,73.3,7,156.9,3,1
YangPyung/WaterPump,2014.10.10,296.8,0,8,8,74.5,3.9,155.5,3,1
YangPyung/WaterPump,2014.10.11,307,0,7,7,77.5,5,161.2,3,1
YangPyung/WaterPump,2014.10.12,307.4,13.5,10,10,61.5,-3.5,151.7,3,1
YangPyung/WaterPump,2014.10.13,291.1,14.5,10,10,57.2,-7.2,141.9,3,1
YangPyung/WaterPump,2014.10.14,281.5,14.5,10,10,51.4,-10.8,127.4,3,1
YangPyung/WaterPump,2014.10.15,272.9,28.5,5,5,257.3,23.5,410.7,3,7
YangPyung/WaterPump,2014.10.16,270,29.5,5,5,259.8,22.5,411.9,3,3
YangPyung/WaterPump,2014.10.17,266.4,21.5,5,5,258.1,20.2,408.8,3,3
YangPyung/WaterPump,2014.10.18,271.7,4.5,5,5,254.7,18,412.6,3,2
YangPyung/WaterPump,2014.10.19,288.7,1,5,5,251.9,16.6,408.1,3,3
YangPyung/WaterPump,2014.10.20,297.9,1,6,6,250.5,15.4,405.3,3,3
YangPyung/WaterPump,2014.10.21,335.3,2.5,7,7,251.8,18,405.2,3,6
YangPyung/WaterPump,2014.10.22,374.3,8,7,7,249.7,21.1,405.5,3,3
YangPyung/WaterPump,2014.10.23,389.5,8,7,7,249.1,21.3,408.2,3,3
YangPyung/WaterPump,2014.10.24,388.4,8,8,8,251,23.9,415,3,3
YangPyung/WaterPump,2014.10.25,405.4,26.5,9,9,250.6,28.9,415.2,3,2
YangPyung/WaterPump,2014.10.26,388.7,37.5,9,9,247.6,28.6,411.6,3,3
YangPyung/WaterPump,2014.10.27,372.8,36,9,9,251.7,25.6,411.9,3,3
YangPyung/WaterPump,2014.10.28,339.1,29.5,9,9,258.1,27.9,412.1,3,3
YangPyung/WaterPump,2014.10.29,314.7,29.5,8,8,260.7,30,410,3,3
YangPyung/WaterPump,2014.10.30,283.1,29.5,8,8,263.4,26.6,417.2,3,3
YangPyung/WaterPump,2014.10.31,247.8,11,8,8,267.7,27.8,427.9,3,4
YangPyung/WaterPump,2014.11.1,233,0,8,8,271.9,30.1,435.6,3,4
YangPyung/WaterPump,2014.11.2,261.1,0,8,8,278.9,28.8,439,3,4
YangPyung/WaterPump,2014.11.3,268.2,0,8,8,287.7,31.1,445.3,3,4
YangPyung/WaterPump,2014.11.4,262.7,0,8,8,295.4,32,445.8,3,7
YangPyung/WaterPump,2015.4.21,296.9,0,8,8,303.1,28.9,454.6,3,5
YangPyung/WaterPump,2015.4.22,273.4,0,8,8,307.9,30.7,460.7,3,4
YangPyung/WaterPump,2015.4.23,275,0,9,9,315.1,33.3,472.3,3,7
YangPyung/WaterPump,2015.4.24,284.2,14.5,9,9,319.2,34.7,479.2,3,5
YangPyung/WaterPump,2015.4.25,247.7,15,8,8,317.5,34.4,480.3,3,7
YangPyung/WaterPump,2015.4.26,203.7,15,7,7,321.6,33.8,490.6,3,6
YangPyung/WaterPump,2015.4.27,195.3,15,7,7,329.5,37.4,497,3,4
YangPyung/WaterPump,2015.4.28,187.6,15,7,7,333.1,37.2,499.6,3,4
YangPyung/WaterPump,2015.4.29,185.1,15,6,6,338.8,35.3,507.8,3,6
YangPyung/WaterPump,2015.4.30,223.8,0.5,6,6,346.5,38.6,520.2,3,4
YangPyung/WaterPump,2015.5.1,249.1,0,7,7,352.3,41,524.4,3,5
YangPyung/WaterPump,2015.5.2,270.3,2.5,8,8,354.7,40,523.9,3,4
YangPyung/WaterPump,2015.5.3,295.4,39,8,8,352.5,37.2,522.2,3,5
YangPyung/WaterPump,2015.5.4,347.2,39,7,7,355.1,35.9,524.6,3,5
YangPyung/WaterPump,2015.5.5,316.1,39,6,6,356.7,39,525.6,3,6
YangPyung/WaterPump,2015.5.6,297.4,39,6,6,362.2,40.4,530.1,3,8
YangPyung/WaterPump,2015.5.7,274.9,39,6,6,365.2,39.7,532.7,3,6
YangPyung/WaterPump,2015.5.8,246.1,36.5,5,5,365.5,39.1,530.4,3,7
YangPyung/WaterPump,2015.5.9,220,0,5,5,367,37.6,533.2,3,8
YangPyung/WaterPump,2015.5.10,229.1,3,6,6,369.7,37.5,534.5,3,6
YangPyung/WaterPump,2015.5.11,230.8,32.5,7,7,370.7,36.6,534.8,3,6
YangPyung/WaterPump,2015.5.12,256.6,34,7,7,368.6,34.2,534.5,3,8
YangPyung/WaterPump,2015.5.20,295.5,34,7,7,365.6,34.9,534.2,3,8
YangPyung/WaterPump,2015.5.21,284.5,34,7,7,364.8,36.2,537.5,3,8
YangPyung/WaterPump,2015.6.7,218.3,34,7,7,361.9,37.2,536.5,3,8
YangPyung/WaterPump,2015.6.8,218.2,0,7,7,361.3,42.2,531.7,3,6
YangPyung/WaterPump,2015.6.9,239.8,0,8,8,365.3,41.5,525.2,3,6
YangPyung/WaterPump,2015.6.10,277.2,1,9,9,366.7,40.8,523.5,3,6
YangPyung/WaterPump,2015.6.11,272.7,8.5,9,9,366.3,40.1,526.7,3,5
YangPyung/WaterPump,2015.6.12,281.9,8.5,9,9,365.4,40.3,533.9,3,6
YangPyung/WaterPump,2015.6.13,298.2,21.5,8,8,363.1,39.9,531.2,3,4
YangPyung/WaterPump,2015.6.16,320.5,21.5,8,8,364.7,38.9,532,3,5
YangPyung/WaterPump,2015.6.17,326.8,21.5,8,8,366,39.8,528.9,3,5
YangPyung/WaterPump,2015.6.18,336.5,20.5,8,8,367.5,40.7,530.2,3,7
YangPyung/WaterPump,2015.6.19,334,13,9,9,371.8,41.1,534,3,6
YangPyung/WaterPump,2015.6.20,321.5,14,9,9,374.6,41.4,534,3,7
YangPyung/WaterPump,2015.6.21,346.9,1,9,9,377.6,41,534.6,3,6
YangPyung/WaterPump,2015.6.22,350.1,1,8,8,380.5,41.1,537.7,3,6
YangPyung/WaterPump,2015.6.23,337.7,1,8,8,384,42.4,542.1,3,6
YangPyung/WaterPump,2015.6.24,342.4,13,9,9,386,43.1,548.2,3,6
YangPyung/WaterPump,2015.6.25,342.9,26.5,9,9,383.5,41.9,545.7,3,5
YangPyung/WaterPump,2015.6.26,317,25.5,9,9,385.9,42.3,550.4,3,6
YangPyung/WaterPump,2015.6.27,323.7,25.5,9,9,389.1,44.6,551.1,3,6
YangPyung/WaterPump,2015.6.28,318.6,25.5,9,9,390.3,45.4,550.1,3,6
YangPyung/WaterPump,2015.6.29,316.3,25.5,9,9,394.7,44.2,554.9,3,5
YangPyung/WaterPump,2015.6.30,319.8,13.5,9,9,397,44.7,558.3,3,5
YangPyung/WaterPump,2015.7.1,324.7,1,8,8,403,47.8,563.7,3,6
YangPyung/WaterPump,2015.7.2,315.2,1,7,7,408.7,49.4,568.7,3,6
YangPyung/WaterPump,2015.7.3,324.4,1,7,7,411.1,47.4,572.9,3,6
YangPyung/WaterPump,2015.7.4,325.2,1,7,7,411.6,44.9,576.4,3,7
YangPyung/WaterPump,2015.7.5,319.2,1,7,7,412.4,45.8,578.3,3,6
YangPyung/WaterPump,2015.7.16,376.4,1,7,7,414.8,45.8,580.7,3,6
YangPyung/WaterPump,2015.7.17,367.4,0,7,7,417.4,46.1,582.6,3,6
YangPyung/WaterPump,2015.7.18,323.1,0,7,7,418.6,46.4,585.7,3,6
YangPyung/WaterPump,2015.7.19,295.8,0,8,8,418.1,45.9,587.6,3,6
YangPyung/WaterPump,2015.7.20,300.8,3.5,7,7,417.9,44.3,589,3,6
YangPyung/WaterPump,2015.7.21,313.4,3.5,6,6,422.3,45.3,589,3,6
YangPyung/WaterPump,2015.7.22,343.7,3.5,6,6,423,48.7,589.3,3,7
YangPyung/WaterPump,2015.7.23,370.8,3.5,6,6,424.1,48.4,590,3,6
YangPyung/WaterPump,2015.7.24,388.3,10,7,7,424.4,47.8,594.8,3,6
YangPyung/WaterPump,2015.7.25,407.8,57.5,8,8,420.1,44.6,587.1,3,4
YangPyung/WaterPump,2015.7.26,431.5,96,9,9,415.5,39.4,582.8,3,4
YangPyung/WaterPump,2015.7.27,435.4,144.5,10,10,415.4,41,588.6,3,6
YangPyung/WaterPump,2015.7.28,444.5,147.5,9,9,409.5,43.5,581.8,3,5
YangPyung/WaterPump,2015.7.31,405.2,147.5,9,9,408.1,42.1,582.7,3,5
YangPyung/WaterPump,2015.8.1,394,141,9,9,409.2,42.5,580.2,3,5
YangPyung/WaterPump,2015.8.2,380.8,93.5,9,9,409.7,44.6,576.8,3,6
YangPyung/WaterPump,2015.8.3,390.7,51.5,8,8,412.3,47.7,577,3,5
YangPyung/WaterPump,2015.8.4,379.3,3,7,7,414.7,50.6,581,3,5
YangPyung/WaterPump,2015.8.5,376.2,0,7,7,418.5,50.5,587.1,3,5
YangPyung/WaterPump,2015.8.6,368.9,0,8,8,423.4,52.4,591.5,3,5
YangPyung/WaterPump,2015.8.7,360.6,10.5,9,9,423.8,51.5,590.5,3,3
YangPyung/WaterPump,2015.8.8,347.6,16,9,9,423.1,47.9,587.7,3,4
YangPyung/WaterPump,2015.8.9,355.2,16,10,10,422.2,48.7,587.1,3,4
YangPyung/WaterPump,2015.8.10,356.3,28,10,10,419.7,46.8,582.8,3,3
YangPyung/WaterPump,2015.8.11,361.4,28.5,10,10,418.3,44.2,579.5,3,3
YangPyung/WaterPump,2015.8.12,370.5,28.5,10,10,421.3,43.7,578.5,3,5
YangPyung/WaterPump,2015.8.13,366.7,18,11,11,426.2,44.3,578,3,6
YangPyung/WaterPump,2015.8.14,356.2,40.5,11,11,422.1,42.1,575.7,3,4
YangPyung/WaterPump,2015.8.15,348.2,40.5,11,11,422.7,38.3,578.7,3,5
YangPyung/WaterPump,2015.8.16,346.5,28.5,11,11,423,40.9,584,3,5
YangPyung/WaterPump,2015.8.17,347.8,28,12,12,420.4,43.8,576.1,3,5
YangPyung/WaterPump,2015.8.18,341.8,29,12,12,416.6,43,573.2,3,5
YangPyung/WaterPump,2015.8.19,333.1,29,11,11,413,42.9,571.4,3,5
YangPyung/WaterPump,2015.8.20,337,1,12,12,409.8,43,570.8,3,7
YangPyung/WaterPump,2015.8.23,353.8,5.5,13,13,403.2,44.4,565.5,3,5
YangPyung/WaterPump,2015.8.24,359.4,10,14,14,394.8,43.4,556.4,3,4
YangPyung/WaterPump,2015.8.25,349.7,13.5,13,13,391.3,40.6,548.4,3,4
YangPyung/WaterPump,2015.8.26,350.6,12.5,13,13,390.5,42.3,541.8,3,5
YangPyung/WaterPump,2015.8.27,340.7,75.5,13,13,386.8,43.6,532.4,3,3
YangPyung/WaterPump,2015.8.28,332,88.5,12,12,387,42.9,530.2,3,4
YangPyung/WaterPump,2015.8.29,335.9,84,11,11,387.9,44.3,529.6,3,5
YangPyung/WaterPump,2015.8.30,341.1,79.5,11,11,387.6,44.4,531.2,3,6
YangPyung/WaterPump,2015.8.31,330.6,76,12,12,386.9,45.6,532.8,3,6
YangPyung/WaterPump,2015.9.1,325.1,79.5,12,12,388.9,45.5,535.7,3,5
YangPyung/WaterPump,2015.9.2,323.4,16.5,12,12,389.8,42.3,533.4,3,6
YangPyung/WaterPump,2015.9.3,326.8,3.5,13,13,389.7,41.4,532.4,3,6
YangPyung/WaterPump,2015.9.4,336.1,10,13,13,390.7,38,535.3,3,5
YangPyung/WaterPump,2015.9.5,338.7,10,13,13,393.3,37.9,537,3,5
YangPyung/WaterPump,2015.9.6,355.6,10,13,13,392.5,41.4,535.5,3,5
YangPyung/WaterPump,2015.9.7,356.6,12,13,13,390.3,42.3,538.4,3,4
YangPyung/WaterPump,2015.9.8,336.7,16.5,14,14,389.6,38.7,542.1,3,4
YangPyung/WaterPump,2015.9.9,305.2,77.5,13,13,386.9,34.6,533.8,3,4
YangPyung/WaterPump,2015.9.10,279.6,71,12,12,387.1,35.5,530.2,3,5
YangPyung/WaterPump,2015.9.11,262.1,71,12,12,386.2,37.8,535.1,3,5
YangPyung/WaterPump,2015.9.12,278.1,71,12,12,388.8,40.5,541.9,3,5
YangPyung/WaterPump,2015.9.13,285.6,65.5,11,11,389.6,41.4,547.6,3,6
YangPyung/WaterPump,2015.9.14,296.1,61,11,11,389.1,42.1,548.4,3,5
YangPyung/WaterPump,2015.9.15,314.3,0,11,11,386.9,41.7,550.6,3,5
YangPyung/WaterPump,2015.9.16,300.5,0,11,11,384.1,37.9,550.2,3,5
YangPyung/WaterPump,2015.9.17,269.6,0,10,10,382.6,36.7,550.1,3,5
YangPyung/WaterPump,2015.9.18,255.6,0,10,10,380.6,38.5,546,3,4
YangPyung/WaterPump,2015.9.19,253.6,0,10,10,379.1,39,546.6,3,5
YangPyung/WaterPump,2015.9.20,250.8,0,9,9,377.7,38.5,545.3,3,4
YangPyung/WaterPump,2015.9.21,271.3,0,8,8,376.8,40,544.6,3,4
YangPyung/WaterPump,2015.9.22,287.9,0,7,7,374.5,38.5,540.3,3,4
YangPyung/WaterPump,2015.9.23,289.9,0,7,7,371.8,36.6,533.2,3,5
YangPyung/WaterPump,2015.9.24,295.7,0,6,6,369.4,36.1,529.3,3,5
YangPyung/WaterPump,2015.9.25,293.8,0,5,5,371.5,33.1,528.1,3,5
YangPyung/WaterPump,2015.9.26,281.3,0,5,5,370.8,32.5,525.9,3,6
YangPyung/WaterPump,2015.9.27,273.7,0,5,5,367.5,34.9,523.4,3,6
YangPyung/WaterPump,2015.9.28,264.7,0,5,5,364.2,35.1,530.8,3,6
YangPyung/WaterPump,2015.10.1,215.4,0,5,5,362.5,35.6,532.3,3,6
YangPyung/WaterPump,2015.10.2,238.4,5.5,5,5,358.1,36.5,526.9,3,7
YangPyung/WaterPump,2015.10.3,252.5,5.5,5,5,356.8,36,523.9,3,7
YangPyung/WaterPump,2015.10.4,262.3,5.5,4,4,355.4,37.5,518.5,3,6
YangPyung/WaterPump,2015.10.5,264.6,5.5,5,5,352.8,36.6,514.7,3,6
YangPyung/WaterPump,2015.10.6,268.7,6,6,6,352.3,36.5,512,3,8
YangPyung/WaterPump,2015.10.7,248.7,15.5,5,5,347.8,37.1,505.2,3,8
YangPyung/WaterPump,2015.10.8,262.7,10,4,4,343.7,34,500.2,3,8
YangPyung/WaterPump,2015.10.9,274.4,10,4,4,339.2,31.5,497.3,3,8
YangPyung/WaterPump,2015.10.10,279.3,15.5,4,4,335.7,32.7,490.1,3,8
YangPyung/WaterPump,2015.10.11,300.8,15.5,4,4,331.4,31.2,481.9,3,8
YangPyung/WaterPump,2015.10.12,315.9,15,4,4,328.8,27.2,477.2,3,8
YangPyung/WaterPump,2015.10.13,304.9,5.5,4,4,324.8,26.8,473.6,3,8
YangPyung/WaterPump,2015.10.14,310.2,5.5,4,4,319.9,25.9,472.2,3,8
YangPyung/WaterPump,2015.10.15,331,5.5,4,4,316.2,25.1,469.3,3,8
YangPyung/WaterPump,2015.10.16,322.2,0,4,4,311.2,24.6,465.5,3,8
YangPyung/WaterPump,2015.10.17,320.6,0,4,4,306.5,25.4,462.6,3,8
YangPyung/WaterPump,2015.10.18,328.9,0,4,4,305.7,28,463.8,3,8
YangPyung/WaterPump,2015.10.19,327.6,0,4,4,303.4,29.6,461.3,3,8
YangPyung/WaterPump,2015.10.20,330.4,0,4,4,303.1,30,461.1,3,8
YangPyung/WaterPump,2015.10.21,337.8,0,4,4,299.7,27.4,458.3,3,8
YangPyung/WaterPump,2015.10.22,339.3,0,4,4,292.5,22.9,449.7,3,8
YangPyung/WaterPump,2015.10.23,339.3,0,5,5,287.6,21.2,443.8,3,7
YangPyung/WaterPump,2015.10.24,343.3,3,5,5,282.3,21.5,436.5,3,4
YangPyung/WaterPump,2015.10.25,340.3,3,5,5,277.4,18.9,431.7,3,3
YangPyung/WaterPump,2015.10.26,321.8,3,5,5,274.5,19,432.2,3,3
YangPyung/WaterPump,2015.10.27,316.1,3,6,6,275.4,22.8,431.2,3,4
YangPyung/WaterPump,2015.10.28,320.6,24.5,7,7,272,25.2,424.4,3,2
YangPyung/WaterPump,2015.10.29,300.5,48.5,7,7,268.4,25.3,418.3,3,1
